Temparature,Humidity ,Moisture,Nitrogen,Potassium,Phosphorous,Soil Type,Crop Type,Fertilizer Name
34,52,43,24,0,22,Black,Paddy,28-28
31,66,33,22,0,25,Clayey,Tobacco,28-28
30,59,37,40,0,0,Red,Sugarcane,Urea
36,49,33,15,13,13,Red,Cotton,17-17-17
35,64,15,8,8,31,Black,Maize,14-35-14
34,62,49,2,17,16,Clayey,Wheat,10-26-26
33,60,31,22,3,23,Loamy,Tobacco,28-28
32,69,50,12,0,38,Red,Barley,DAP
27,69,31,10,12,12,Sandy,Sugarcane,17-17-17
21,56,56,12,0,12,Sandy,Sugarcane,20-20
34,61,27,14,2,12,Black,Millets,20-20
29,50,59,13,17,12,Sandy,Barley,17-17-17
32,58,44,15,1,36,Red,Barley,DAP
31,59,30,11,18,13,Loamy,Pulses,10-26-26
24,48,45,9,1,12,Red,Pulses,20-20
29,55,60,7,9,32,Clayey,Cotton,14-35-14
33,65,48,12,0,39,Sandy,Cotton,DAP
25,61,64,14,1,15,Black,Paddy,20-20
38,70,39,41,1,1,Sandy,Millets,Urea
26,68,53,1,18,17,Sandy,Pulses,10-26-26
26,49,58,13,14,13,Sandy,Sugarcane,17-17-17
38,56,64,12,1,35,Red,Sugarcane,DAP
33,54,47,13,0,37,Red,Oil seeds,DAP
27,50,40,22,0,20,Red,Tobacco,28-28
34,59,58,12,15,14,Red,Sugarcane,17-17-17
33,57,48,13,19,19,Loamy,Barley,10-26-26
31,49,36,23,0,24,Red,Ground Nuts,28-28
23,62,52,12,1,10,Sandy,Millets,20-20
33,59,24,23,1,22,Sandy,Paddy,28-28
33,62,49,15,1,36,Red,Barley,DAP
35,55,48,38,0,1,Loamy,Pulses,Urea
27,62,48,12,17,11,Red,Sugarcane,17-17-17
33,53,52,11,13,15,Black,Ground Nuts,17-17-17
33,56,43,21,0,19,Red,Cotton,28-28
31,64,42,42,0,3,Black,Millets,Urea
33,59,36,11,13,13,Loamy,Maize,17-17-17
30,59,48,13,0,38,Black,Oil seeds,DAP
28,63,39,11,13,15,Sandy,Cotton,17-17-17
29,66,40,24,0,27,Red,Millets,28-28
35,68,42,37,0,0,Clayey,Maize,Urea
28,60,39,13,14,12,Red,Barley,17-17-17
26,57,55,39,2,0,Red,Wheat,Urea
30,55,48,14,0,42,Sandy,Ground Nuts,DAP
31,57,35,7,8,33,Loamy,Pulses,14-35-14
30,55,42,10,15,14,Red,Cotton,17-17-17
37,63,35,14,0,37,Black,Millets,DAP
35,58,46,14,0,39,Black,Oil seeds,DAP
29,54,37,12,14,14,Sandy,Ground Nuts,17-17-17
28,62,39,12,9,26,Black,Maize,14-35-14
26,60,47,13,0,36,Sandy,Wheat,DAP
27,65,8,12,0,40,Red,Ground Nuts,DAP
24,57,41,10,0,10,Sandy,Pulses,20-20
32,63,50,8,19,19,Red,Pulses,10-26-26
28,60,63,13,1,9,Sandy,Oil seeds,20-20
29,59,34,11,13,13,Loamy,Cotton,17-17-17
27,61,68,11,11,14,Loamy,Sugarcane,17-17-17
31,48,27,40,0,0,Sandy,Millets,Urea
31,67,38,8,8,32,Sandy,Pulses,14-35-14
33,55,44,10,2,8,Black,Oil seeds,20-20
26,66,42,6,17,17,Red,Tobacco,10-26-26
30,44,28,10,18,22,Red,Barley,10-26-26
24,59,39,24,1,23,Sandy,Barley,28-28
25,53,35,10,0,11,Black,Pulses,20-20
29,57,59,8,10,28,Clayey,Wheat,14-35-14
27,56,47,11,16,14,Clayey,Wheat,10-26-26
30,57,43,13,0,37,Black,Cotton,DAP
32,68,41,23,0,28,Loamy,Cotton,28-28
32,70,31,12,18,15,Clayey,Pulses,10-26-26
32,64,55,11,8,27,Black,Cotton,14-35-14
33,65,43,42,0,0,Black,Cotton,Urea
25,63,43,35,0,0,Black,Paddy,Urea
33,58,30,10,0,35,Red,Millets,DAP
34,60,47,11,0,32,Clayey,Barley,DAP
31,63,36,15,0,39,Red,Ground Nuts,DAP
34,55,30,40,1,1,Loamy,Wheat,Urea
29,59,68,11,1,9,Sandy,Pulses,20-20
33,53,52,41,0,2,Loamy,Wheat,Urea
32,60,51,12,0,40,Sandy,Ground Nuts,DAP
26,61,46,4,17,19,Clayey,Barley,10-26-26
29,48,49,14,11,15,Red,Sugarcane,17-17-17
29,68,13,41,1,0,Loamy,Sugarcane,Urea
29,66,63,42,0,0,Black,Sugarcane,Urea
36,65,43,9,8,30,Black,Maize,14-35-14
31,51,40,23,1,23,Sandy,Wheat,28-28
28,57,35,11,1,13,Black,Sugarcane,20-20
28,61,50,11,2,4,Red,Millets,20-20
24,70,34,11,0,11,Sandy,Cotton,20-20
33,59,37,11,16,13,Sandy,Cotton,17-17-17
29,58,28,12,0,35,Loamy,Millets,DAP
28,53,37,14,15,15,Red,Sugarcane,17-17-17
32,50,51,14,0,39,Red,Ground Nuts,DAP
34,52,49,36,0,2,Clayey,Millets,Urea
32,59,48,36,0,0,Black,Cotton,Urea
28,71,39,15,1,38,Clayey,Sugarcane,DAP
36,70,45,9,9,12,Loamy,Ground Nuts,17-17-17
34,65,58,10,11,29,Loamy,Paddy,14-35-14
27,52,37,13,20,18,Red,Wheat,10-26-26
30,56,43,23,0,19,Clayey,Barley,28-28
31,67,21,39,0,1,Red,Paddy,Urea
27,57,47,37,0,0,Loamy,Oil seeds,Urea
41,63,59,13,1,40,Loamy,Millets,DAP
39,59,42,38,0,0,Black,Oil seeds,Urea
31,65,59,12,11,12,Loamy,Sugarcane,17-17-17
37,67,46,16,0,39,Red,Tobacco,DAP
29,60,32,10,8,33,Loamy,Oil seeds,14-35-14
28,70,50,37,1,1,Clayey,Wheat,Urea
28,62,32,24,0,19,Red,Maize,28-28
23,74,52,8,10,36,Loamy,Maize,14-35-14
27,57,48,9,0,10,Black,Sugarcane,20-20
32,67,30,6,20,17,Red,Wheat,10-26-26
32,51,65,8,9,29,Loamy,Sugarcane,14-35-14
25,57,25,11,13,12,Red,Maize,17-17-17
25,57,57,10,0,13,Red,Oil seeds,20-20
25,36,66,10,12,11,Loamy,Sugarcane,17-17-17
30,55,40,16,0,36,Loamy,Tobacco,DAP
28,59,53,20,0,18,Sandy,Millets,28-28
32,60,49,13,0,12,Black,Cotton,20-20
33,49,30,36,1,2,Black,Oil seeds,Urea
31,67,65,11,3,12,Loamy,Cotton,20-20
31,58,41,10,14,11,Red,Cotton,17-17-17
27,57,39,12,2,37,Red,Sugarcane,DAP
29,61,66,14,11,13,Sandy,Sugarcane,17-17-17
32,64,30,13,0,11,Sandy,Oil seeds,20-20
24,58,31,36,0,1,Red,Sugarcane,Urea
34,59,53,14,0,14,Loamy,Sugarcane,20-20
25,65,34,11,0,38,Loamy,Oil seeds,DAP
31,58,33,7,17,18,Red,Tobacco,10-26-26
33,56,39,5,20,17,Loamy,Paddy,10-26-26
31,64,38,7,20,19,Clayey,Pulses,10-26-26
34,60,47,14,1,13,Black,Millets,20-20
26,56,53,11,1,9,Clayey,Oil seeds,20-20
32,49,45,16,0,37,Clayey,Barley,DAP
28,58,41,24,0,21,Red,Millets,28-28
31,54,59,39,1,0,Red,Ground Nuts,Urea
30,51,40,14,13,14,Sandy,Barley,17-17-17
22,54,48,22,0,17,Sandy,Barley,28-28
33,65,26,16,0,42,Sandy,Ground Nuts,DAP
33,66,44,35,0,0,Red,Paddy,Urea
32,62,44,4,18,15,Red,Pulses,10-26-26
31,63,45,17,0,36,Loamy,Cotton,DAP
33,64,51,14,1,37,Red,Tobacco,DAP
32,59,45,9,2,10,Red,Oil seeds,20-20
39,55,31,8,10,30,Red,Cotton,14-35-14
27,61,47,8,10,32,Sandy,Sugarcane,14-35-14
31,52,33,23,0,20,Red,Millets,28-28
26,67,35,24,0,16,Loamy,Maize,28-28
31,55,34,24,0,20,Sandy,Millets,28-28
26,56,28,12,15,13,Sandy,Barley,17-17-17
29,49,41,3,17,18,Clayey,Tobacco,10-26-26
22,69,36,5,19,21,Red,Wheat,10-26-26
30,53,34,41,1,1,Loamy,Paddy,Urea
36,56,44,40,0,0,Loamy,Millets,Urea
35,53,63,14,1,37,Loamy,Cotton,DAP
33,57,34,8,0,14,Sandy,Oil seeds,20-20
29,61,52,37,1,0,Red,Maize,Urea
39,55,49,12,1,36,Black,Ground Nuts,DAP
32,64,39,8,15,17,Loamy,Tobacco,10-26-26
23,52,52,1,16,17,Loamy,Tobacco,10-26-26
28,48,51,10,12,11,Loamy,Maize,17-17-17
31,64,48,13,1,13,Loamy,Sugarcane,20-20
32,54,44,37,0,0,Loamy,Tobacco,Urea
29,59,42,11,1,13,Sandy,Millets,20-20
28,66,58,13,12,12,Loamy,Sugarcane,17-17-17
31,74,31,8,7,32,Black,Wheat,14-35-14
27,61,53,15,15,13,Red,Cotton,17-17-17
28,65,50,10,8,28,Loamy,Paddy,14-35-14
30,65,36,13,2,35,Red,Cotton,DAP
27,62,27,42,1,0,Red,Millets,Urea
23,63,33,12,15,11,Red,Barley,17-17-17
28,53,44,20,0,21,Red,Millets,28-28
39,65,61,8,7,30,Black,Oil seeds,14-35-14
27,61,23,8,8,31,Sandy,Cotton,14-35-14
33,54,34,6,18,20,Clayey,Tobacco,10-26-26
33,62,42,11,1,42,Black,Sugarcane,DAP
28,63,38,9,7,34,Clayey,Cotton,14-35-14
26,58,43,12,0,16,Black,Oil seeds,20-20
31,48,42,11,0,14,Sandy,Sugarcane,20-20
34,58,68,12,0,37,Sandy,Paddy,DAP
30,50,41,10,0,8,Black,Millets,20-20
27,61,29,23,0,19,Loamy,Barley,28-28
32,61,44,38,0,0,Clayey,Wheat,Urea
41,56,33,7,9,28,Sandy,Oil seeds,14-35-14
29,56,45,22,0,21,Clayey,Wheat,28-28
31,49,52,12,0,15,Black,Sugarcane,20-20
30,54,66,17,0,12,Loamy,Millets,20-20
29,60,45,38,1,0,Loamy,Pulses,Urea
23,56,38,10,15,18,Loamy,Wheat,10-26-26
34,59,40,12,16,13,Red,Barley,17-17-17
30,57,44,9,9,29,Black,Sugarcane,14-35-14
30,60,64,15,0,40,Black,Pulses,DAP
30,61,45,39,2,0,Red,Oil seeds,Urea
31,44,35,10,0,10,Sandy,Pulses,20-20
31,68,62,8,8,34,Sandy,Oil seeds,14-35-14
34,57,23,13,0,39,Red,Wheat,DAP
27,58,55,14,1,40,Black,Oil seeds,DAP
29,67,39,12,10,14,Red,Sugarcane,17-17-17
33,57,32,11,0,15,Clayey,Oil seeds,20-20
24,72,38,11,0,13,Loamy,Cotton,20-20
34,58,30,13,17,21,Red,Pulses,10-26-26
32,63,31,8,19,17,Clayey,Barley,10-26-26
32,51,24,9,17,15,Sandy,Tobacco,10-26-26
32,63,51,5,17,13,Clayey,Barley,10-26-26
29,63,26,14,0,34,Clayey,Ground Nuts,DAP
25,54,46,23,1,22,Red,Millets,28-28
31,71,21,8,7,23,Clayey,Barley,14-35-14
30,58,43,41,0,0,Clayey,Millets,Urea
30,63,40,22,0,21,Sandy,Maize,28-28
35,64,55,13,12,13,Loamy,Maize,17-17-17
28,52,35,7,19,17,Clayey,Pulses,10-26-26
30,56,58,39,1,0,Black,Millets,Urea
25,63,40,21,1,27,Clayey,Paddy,28-28
34,56,39,36,0,0,Black,Sugarcane,Urea
30,62,33,10,8,29,Clayey,Oil seeds,14-35-14
34,60,35,13,0,12,Black,Sugarcane,20-20
30,61,36,14,0,15,Loamy,Oil seeds,20-20
29,72,53,14,0,38,Red,Millets,DAP
27,57,18,12,0,11,Loamy,Sugarcane,20-20
32,62,41,8,12,29,Loamy,Cotton,14-35-14
30,62,41,39,0,0,Black,Millets,Urea
33,50,57,13,0,15,Loamy,Pulses,20-20
31,45,48,8,10,30,Loamy,Paddy,14-35-14
30,60,51,9,18,16,Clayey,Barley,10-26-26
29,54,30,34,2,0,Black,Wheat,Urea
31,46,40,39,1,0,Sandy,Tobacco,Urea
38,63,38,10,8,31,Clayey,Barley,14-35-14
34,55,50,4,18,17,Red,Paddy,10-26-26
27,57,41,15,0,12,Loamy,Sugarcane,20-20
23,61,28,15,0,11,Black,Sugarcane,20-20
36,65,72,11,1,41,Loamy,Millets,DAP
30,60,39,42,0,1,Black,Paddy,Urea
38,63,46,8,6,31,Black,Wheat,14-35-14
32,58,34,13,12,16,Loamy,Sugarcane,17-17-17
37,65,60,14,11,11,Red,Sugarcane,17-17-17
23,52,74,12,2,14,Sandy,Sugarcane,20-20
34,57,47,24,1,17,Red,Tobacco,28-28
26,64,34,21,0,23,Black,Pulses,28-28
30,50,63,14,12,13,Loamy,Barley,17-17-17
26,58,53,13,14,14,Red,Ground Nuts,17-17-17
33,63,49,11,1,40,Sandy,Sugarcane,DAP
33,61,57,11,0,10,Red,Oil seeds,20-20
30,51,64,9,12,16,Sandy,Sugarcane,17-17-17
32,73,16,9,8,31,Loamy,Cotton,14-35-14
31,62,59,11,0,14,Sandy,Wheat,20-20
34,65,22,10,11,30,Loamy,Wheat,14-35-14
35,66,43,14,1,36,Red,Cotton,DAP
25,53,41,13,0,11,Clayey,Sugarcane,20-20
33,61,29,23,1,19,Red,Paddy,28-28
34,60,57,17,0,35,Red,Millets,DAP
26,52,55,11,13,13,Black,Sugarcane,17-17-17
25,53,49,16,12,16,Loamy,Sugarcane,17-17-17
29,62,36,24,2,21,Sandy,Cotton,28-28
23,61,49,12,18,15,Loamy,Pulses,10-26-26
31,60,38,10,17,12,Red,Sugarcane,17-17-17
34,56,39,21,0,24,Loamy,Barley,28-28
28,54,46,11,14,13,Loamy,Sugarcane,17-17-17
29,64,52,5,20,15,Clayey,Tobacco,10-26-26
37,71,83,11,0,34,Loamy,Barley,DAP
36,57,43,11,13,11,Red,Sugarcane,17-17-17
24,69,37,12,14,12,Black,Cotton,17-17-17
28,58,34,13,10,15,Sandy,Barley,17-17-17
30,61,36,37,0,0,Black,Tobacco,Urea
32,64,57,15,0,36,Loamy,Pulses,DAP
32,61,68,11,1,42,Loamy,Barley,DAP
32,60,33,12,15,11,Sandy,Ground Nuts,17-17-17
23,50,45,22,1,24,Clayey,Millets,28-28
21,63,34,0,17,16,Clayey,Paddy,10-26-26
34,66,50,6,8,32,Black,Maize,14-35-14
29,66,30,40,1,0,Sandy,Paddy,Urea
32,58,48,22,0,20,Black,Wheat,28-28
27,52,27,13,0,40,Loamy,Cotton,DAP
35,55,33,1,18,14,Red,Tobacco,10-26-26
24,57,42,6,18,20,Sandy,Tobacco,10-26-26
32,66,37,4,19,20,Clayey,Pulses,10-26-26
27,55,36,21,0,17,Red,Pulses,28-28
31,58,49,11,0,15,Clayey,Oil seeds,20-20
36,74,29,9,8,32,Black,Cotton,14-35-14
30,64,55,11,0,12,Loamy,Oil seeds,20-20
32,57,66,8,8,28,Black,Sugarcane,14-35-14
32,69,30,12,13,14,Black,Sugarcane,17-17-17
33,56,43,14,0,39,Red,Wheat,DAP
32,63,44,7,8,26,Sandy,Maize,14-35-14
27,57,51,11,15,13,Loamy,Ground Nuts,17-17-17
30,58,55,21,0,17,Clayey,Pulses,28-28
25,53,44,12,18,19,Clayey,Barley,10-26-26
34,67,19,9,8,32,Clayey,Sugarcane,14-35-14
35,61,50,12,0,12,Sandy,Millets,20-20
32,57,42,7,18,17,Red,Tobacco,10-26-26
28,62,44,7,16,18,Clayey,Pulses,10-26-26
32,59,43,5,8,32,Black,Sugarcane,14-35-14
29,64,47,13,0,38,Black,Wheat,DAP
36,63,62,8,8,29,Black,Maize,14-35-14
32,71,26,10,9,32,Sandy,Maize,14-35-14
32,57,38,23,0,23,Red,Wheat,28-28
32,63,35,8,8,32,Loamy,Oil seeds,14-35-14
29,58,51,21,0,21,Loamy,Tobacco,28-28
31,54,38,37,1,0,Black,Millets,Urea
30,57,44,13,2,12,Sandy,Pulses,20-20
21,50,40,12,13,13,Black,Sugarcane,17-17-17
38,54,33,37,0,0,Black,Paddy,Urea
36,68,40,13,0,40,Sandy,Ground Nuts,DAP
29,48,26,11,0,17,Clayey,Pulses,20-20
37,51,39,23,2,18,Sandy,Paddy,28-28
28,66,59,13,11,13,Red,Cotton,17-17-17
28,58,44,18,0,20,Clayey,Tobacco,28-28
32,53,42,22,0,21,Red,Tobacco,28-28
27,57,45,13,12,13,Sandy,Maize,17-17-17
29,60,29,11,8,32,Loamy,Maize,14-35-14
31,69,46,23,1,22,Clayey,Maize,28-28
28,60,51,13,0,39,Sandy,Barley,DAP
22,53,45,11,0,9,Loamy,Sugarcane,20-20
32,62,39,17,11,11,Sandy,Cotton,17-17-17
28,49,47,12,13,15,Red,Sugarcane,17-17-17
33,51,44,41,0,0,Loamy,Pulses,Urea
33,46,52,9,0,11,Black,Sugarcane,20-20
32,53,43,35,0,0,Black,Paddy,Urea
31,54,52,39,1,1,Loamy,Ground Nuts,Urea
31,65,61,37,1,0,Sandy,Paddy,Urea
34,60,36,10,8,30,Clayey,Sugarcane,14-35-14
27,46,31,8,18,13,Sandy,Pulses,10-26-26
33,56,26,6,6,28,Black,Sugarcane,14-35-14
26,56,35,22,0,25,Clayey,Barley,28-28
24,49,49,11,12,15,Loamy,Barley,17-17-17
33,42,42,14,0,16,Loamy,Wheat,20-20
33,57,75,8,8,32,Sandy,Oil seeds,14-35-14
27,63,54,34,0,0,Loamy,Wheat,Urea
27,48,48,14,11,12,Sandy,Maize,17-17-17
35,54,54,14,0,10,Loamy,Sugarcane,20-20
33,57,14,15,1,39,Sandy,Sugarcane,DAP
30,59,53,12,13,15,Sandy,Ground Nuts,17-17-17
30,60,39,13,0,40,Sandy,Cotton,DAP
33,55,25,5,9,28,Sandy,Sugarcane,14-35-14
29,70,29,8,20,19,Red,Barley,10-26-26
28,60,32,22,1,21,Black,Tobacco,28-28
29,62,54,13,0,37,Red,Pulses,DAP
36,49,21,4,16,19,Clayey,Pulses,10-26-26
26,62,44,9,16,12,Loamy,Maize,17-17-17
33,62,29,13,1,39,Black,Millets,DAP
32,55,29,32,0,2,Red,Paddy,Urea
30,57,57,14,11,12,Red,Sugarcane,17-17-17
33,56,32,15,1,38,Red,Cotton,DAP
30,73,51,24,0,22,Red,Cotton,28-28
30,64,47,22,1,15,Clayey,Barley,28-28
33,53,57,35,1,2,Clayey,Millets,Urea
29,58,39,10,0,10,Loamy,Millets,20-20
33,53,40,22,0,24,Clayey,Ground Nuts,28-28
27,50,35,5,15,19,Sandy,Paddy,10-26-26
36,48,49,9,0,42,Red,Pulses,DAP
30,56,33,17,12,10,Red,Sugarcane,17-17-17
29,65,47,9,8,31,Sandy,Barley,14-35-14
29,53,42,9,18,18,Clayey,Pulses,10-26-26
39,58,29,15,2,38,Sandy,Cotton,DAP
32,59,25,9,11,27,Black,Cotton,14-35-14
27,39,37,7,17,19,Loamy,Tobacco,10-26-26
36,58,33,9,18,18,Clayey,Barley,10-26-26
33,62,56,22,0,20,Clayey,Cotton,28-28
31,67,60,7,8,32,Loamy,Oil seeds,14-35-14
31,50,52,37,2,1,Loamy,Paddy,Urea
33,59,40,23,2,16,Clayey,Wheat,28-28
29,63,48,23,0,29,Clayey,Barley,28-28
31,62,46,7,8,26,Sandy,Oil seeds,14-35-14
30,60,40,12,0,35,Sandy,Barley,DAP
31,57,38,12,0,36,Black,Tobacco,DAP
31,61,34,39,0,0,Loamy,Oil seeds,Urea
42,57,48,3,19,22,Red,Tobacco,10-26-26
28,55,39,33,0,1,Loamy,Sugarcane,Urea
25,46,41,11,14,14,Red,Ground Nuts,17-17-17
31,51,44,39,0,0,Sandy,Millets,Urea
29,60,35,14,0,14,Clayey,Wheat,20-20
31,64,31,15,1,40,Loamy,Barley,DAP
28,63,48,7,0,14,Red,Sugarcane,20-20
36,55,53,13,0,13,Sandy,Oil seeds,20-20
25,63,51,39,0,0,Red,Wheat,Urea
27,72,29,39,1,0,Sandy,Oil seeds,Urea
34,55,39,9,18,20,Clayey,Barley,10-26-26
27,59,35,11,0,16,Sandy,Cotton,20-20
29,62,27,8,11,32,Black,Maize,14-35-14
30,49,63,23,0,23,Loamy,Wheat,28-28
34,60,50,14,0,42,Red,Tobacco,DAP
36,46,37,22,1,17,Black,Maize,28-28
21,66,50,11,14,16,Red,Sugarcane,17-17-17
27,45,52,7,17,18,Clayey,Tobacco,10-26-26
28,50,60,41,0,2,Black,Sugarcane,Urea
30,55,36,1,18,18,Red,Pulses,10-26-26
27,73,54,13,1,37,Black,Wheat,DAP
31,57,45,6,8,26,Sandy,Sugarcane,14-35-14
32,56,23,11,13,15,Loamy,Sugarcane,17-17-17
34,62,42,40,1,1,Clayey,Sugarcane,Urea
27,59,19,8,15,20,Clayey,Barley,10-26-26
33,64,42,13,17,17,Clayey,Pulses,10-26-26
32,68,57,12,0,38,Sandy,Barley,DAP
31,60,45,10,0,16,Loamy,Sugarcane,20-20
26,63,59,14,11,12,Red,Sugarcane,17-17-17
26,55,39,11,1,37,Loamy,Ground Nuts,DAP
37,64,35,12,12,13,Red,Sugarcane,17-17-17
31,60,52,14,2,12,Black,Millets,20-20
30,52,42,38,0,0,Red,Wheat,Urea
29,72,46,6,10,30,Loamy,Maize,14-35-14
36,59,41,15,0,35,Loamy,Millets,DAP
35,59,31,14,1,42,Red,Cotton,DAP
24,58,46,38,0,0,Clayey,Millets,Urea
31,53,51,24,1,21,Loamy,Wheat,28-28
33,55,37,34,0,0,Loamy,Cotton,Urea
33,54,37,0,19,20,Red,Wheat,10-26-26
32,66,35,14,0,34,Black,Paddy,DAP
34,46,37,11,12,14,Red,Barley,17-17-17
31,62,31,15,1,43,Red,Millets,DAP
28,60,40,9,9,27,Red,Oil seeds,14-35-14
29,58,55,11,12,11,Sandy,Maize,17-17-17
26,54,47,8,8,32,Black,Wheat,14-35-14
26,60,47,23,0,18,Black,Maize,28-28
27,56,57,22,0,22,Red,Wheat,28-28
33,61,30,15,1,37,Sandy,Cotton,DAP
35,50,55,38,0,0,Black,Ground Nuts,Urea
28,59,47,24,0,22,Red,Wheat,28-28
28,59,52,8,16,19,Clayey,Pulses,10-26-26
29,53,66,38,0,1,Black,Tobacco,Urea
27,56,52,4,17,16,Clayey,Barley,10-26-26
30,52,36,36,2,0,Clayey,Sugarcane,Urea
28,50,41,44,0,2,Loamy,Millets,Urea
26,59,49,12,1,9,Sandy,Paddy,20-20
28,59,25,13,1,8,Loamy,Pulses,20-20
33,56,62,8,9,30,Red,Paddy,14-35-14
29,58,36,11,1,38,Red,Barley,DAP
29,56,49,7,8,27,Sandy,Maize,14-35-14
31,69,43,8,8,32,Loamy,Maize,14-35-14
29,63,39,13,10,14,Loamy,Maize,17-17-17
32,59,43,22,0,22,Red,Pulses,28-28
31,60,67,15,2,38,Loamy,Barley,DAP
28,60,42,10,1,6,Black,Oil seeds,20-20
26,49,51,20,0,29,Black,Millets,28-28
32,53,30,39,0,1,Black,Oil seeds,Urea
31,65,28,24,3,20,Clayey,Barley,28-28
28,52,39,5,18,20,Red,Barley,10-26-26
29,57,41,12,1,38,Loamy,Wheat,DAP
30,53,37,20,0,27,Loamy,Cotton,28-28
22,53,41,9,16,20,Clayey,Tobacco,10-26-26
23,55,32,12,0,14,Black,Millets,20-20
27,55,56,22,2,22,Black,Tobacco,28-28
33,56,41,23,1,20,Red,Millets,28-28
32,48,42,12,1,13,Black,Millets,20-20
30,58,49,14,0,11,Loamy,Oil seeds,20-20
25,56,15,11,1,13,Loamy,Cotton,20-20
29,57,35,13,13,12,Sandy,Sugarcane,17-17-17
24,61,36,11,0,14,Sandy,Wheat,20-20
29,54,40,12,2,39,Clayey,Sugarcane,DAP
29,51,60,35,0,0,Red,Ground Nuts,Urea
32,63,42,7,19,18,Clayey,Barley,10-26-26
30,42,48,8,0,10,Black,Paddy,20-20
34,55,56,39,2,0,Black,Millets,Urea
29,64,48,15,1,35,Black,Sugarcane,DAP
36,60,32,6,18,16,Clayey,Tobacco,10-26-26
34,48,47,11,12,14,Red,Sugarcane,17-17-17
29,61,59,12,0,39,Loamy,Cotton,DAP
32,57,46,37,0,0,Black,Millets,Urea
29,61,37,12,1,10,Loamy,Pulses,20-20
25,60,38,8,1,15,Clayey,Wheat,20-20
25,52,56,12,16,14,Black,Sugarcane,17-17-17
31,64,36,13,0,38,Clayey,Barley,DAP
30,62,25,37,1,0,Loamy,Wheat,Urea
31,60,46,8,6,35,Clayey,Cotton,14-35-14
33,62,34,8,7,32,Black,Pulses,14-35-14
36,58,34,8,9,29,Red,Pulses,14-35-14
29,64,45,24,0,24,Red,Maize,28-28
29,64,27,0,19,19,Clayey,Wheat,10-26-26
35,48,35,13,1,37,Sandy,Pulses,DAP
31,50,35,20,0,22,Loamy,Tobacco,28-28
28,51,45,23,2,20,Clayey,Millets,28-28
32,54,42,23,0,27,Sandy,Wheat,28-28
30,60,52,39,0,0,Red,Cotton,Urea
35,67,32,7,18,18,Sandy,Barley,10-26-26
28,60,59,9,9,27,Clayey,Cotton,14-35-14
34,57,24,13,1,37,Sandy,Barley,DAP
31,56,79,12,13,12,Loamy,Maize,17-17-17
34,55,51,14,0,37,Red,Cotton,DAP
29,52,42,12,16,15,Black,Sugarcane,17-17-17
34,50,51,7,10,31,Red,Barley,14-35-14
36,53,39,22,0,23,Black,Barley,28-28
32,49,49,11,0,35,Red,Ground Nuts,DAP
26,56,68,11,1,13,Red,Millets,20-20
29,58,42,11,0,12,Black,Cotton,20-20
31,53,34,11,12,13,Red,Sugarcane,17-17-17
27,61,33,16,1,11,Sandy,Millets,20-20
30,51,28,15,0,37,Red,Barley,DAP
28,51,23,12,14,15,Red,Maize,17-17-17
26,50,52,10,0,39,Loamy,Tobacco,DAP
27,58,51,11,8,31,Sandy,Paddy,14-35-14
30,64,33,21,0,20,Red,Cotton,28-28
28,61,47,39,0,0,Red,Paddy,Urea
19,61,44,13,17,16,Red,Tobacco,10-26-26
34,57,71,14,0,37,Red,Sugarcane,DAP
28,60,45,19,1,25,Clayey,Maize,28-28
27,54,72,13,0,15,Sandy,Sugarcane,20-20
36,58,34,8,9,29,Loamy,Sugarcane,14-35-14
36,65,22,35,0,0,Loamy,Oil seeds,Urea
33,55,57,15,1,39,Red,Cotton,DAP
31,63,56,14,0,40,Sandy,Pulses,DAP
35,66,39,7,8,30,Sandy,Cotton,14-35-14
33,53,62,11,0,36,Red,Cotton,DAP
30,62,52,10,14,14,Black,Cotton,17-17-17
32,51,43,12,14,12,Red,Sugarcane,17-17-17
38,63,20,39,0,1,Sandy,Wheat,Urea
33,51,50,13,1,41,Red,Cotton,DAP
29,55,26,3,19,17,Red,Barley,10-26-26
39,69,37,11,0,39,Red,Cotton,DAP
34,54,54,14,0,39,Black,Ground Nuts,DAP
28,59,45,15,1,37,Red,Millets,DAP
32,63,41,13,2,41,Red,Paddy,DAP
34,74,57,40,1,1,Red,Oil seeds,Urea
35,63,24,8,9,32,Black,Sugarcane,14-35-14
28,60,36,23,0,23,Black,Barley,28-28
33,70,27,6,8,30,Black,Sugarcane,14-35-14
24,44,38,6,17,21,Clayey,Tobacco,10-26-26
35,55,53,15,0,36,Sandy,Barley,DAP
32,72,42,37,0,1,Loamy,Cotton,Urea
28,65,43,9,2,7,Loamy,Paddy,20-20
29,54,39,12,0,13,Sandy,Sugarcane,20-20
36,64,46,13,12,14,Loamy,Cotton,17-17-17
31,59,54,23,0,21,Sandy,Barley,28-28
30,49,51,9,1,10,Red,Pulses,20-20
29,49,32,14,17,22,Clayey,Pulses,10-26-26
27,64,54,9,7,30,Loamy,Maize,14-35-14
32,53,35,8,2,10,Black,Wheat,20-20
35,61,37,13,0,35,Black,Ground Nuts,DAP
33,54,43,8,18,17,Loamy,Pulses,10-26-26
43,63,63,10,17,19,Sandy,Tobacco,10-26-26
34,74,48,10,0,11,Loamy,Oil seeds,20-20
27,65,50,4,18,22,Loamy,Tobacco,10-26-26
24,63,50,9,0,11,Sandy,Pulses,20-20
38,56,41,9,9,28,Loamy,Maize,14-35-14
29,62,28,8,9,30,Clayey,Sugarcane,14-35-14
33,56,32,24,0,26,Red,Paddy,28-28
36,59,31,22,0,18,Clayey,Wheat,28-28
35,53,44,23,0,25,Red,Ground Nuts,28-28
32,53,42,23,0,27,Red,Tobacco,28-28
29,57,44,11,1,13,Loamy,Cotton,20-20
29,39,44,13,14,15,Sandy,Sugarcane,17-17-17
28,57,47,5,10,31,Black,Oil seeds,14-35-14
35,54,50,14,0,40,Clayey,Cotton,DAP
27,58,62,11,15,12,Loamy,Cotton,17-17-17
33,62,37,22,0,21,Clayey,Wheat,28-28
30,66,41,6,9,29,Sandy,Maize,14-35-14
29,61,54,14,12,12,Black,Sugarcane,17-17-17
34,56,40,14,14,13,Sandy,Maize,17-17-17
31,53,48,11,13,12,Sandy,Cotton,17-17-17
31,54,47,14,2,14,Sandy,Wheat,20-20
27,66,36,21,0,21,Black,Maize,28-28
30,58,48,22,0,21,Clayey,Tobacco,28-28
32,57,40,12,1,41,Loamy,Oil seeds,DAP
30,69,30,8,18,19,Red,Wheat,10-26-26
31,66,55,9,15,13,Sandy,Barley,17-17-17
28,69,34,11,0,11,Black,Sugarcane,20-20
26,71,44,7,9,33,Clayey,Maize,14-35-14
32,62,45,23,0,22,Loamy,Tobacco,28-28
30,60,55,14,0,39,Loamy,Cotton,DAP
33,60,32,12,1,41,Red,Ground Nuts,DAP
34,56,48,14,0,10,Clayey,Oil seeds,20-20
28,47,48,41,0,1,Black,Sugarcane,Urea
33,57,56,10,15,17,Loamy,Ground Nuts,17-17-17
34,53,32,5,18,19,Clayey,Pulses,10-26-26
22,57,48,6,16,17,Red,Pulses,10-26-26
31,74,35,37,0,0,Loamy,Wheat,Urea
34,67,47,12,15,11,Sandy,Maize,17-17-17
31,47,23,37,0,0,Sandy,Paddy,Urea
31,54,22,11,13,13,Black,Barley,17-17-17
34,65,50,13,0,39,Black,Cotton,DAP
29,62,47,8,7,32,Loamy,Pulses,14-35-14
26,41,47,40,0,0,Clayey,Paddy,Urea
34,56,68,12,0,39,Red,Sugarcane,DAP
34,52,50,24,1,21,Sandy,Paddy,28-28
28,60,39,11,0,39,Red,Ground Nuts,DAP
29,67,43,40,0,0,Loamy,Millets,Urea
28,62,60,39,0,0,Loamy,Paddy,Urea
27,63,49,23,1,21,Black,Cotton,28-28
32,59,38,7,11,30,Black,Pulses,14-35-14
25,56,42,21,1,21,Black,Tobacco,28-28
31,44,40,13,12,15,Black,Barley,17-17-17
33,58,19,13,0,38,Red,Paddy,DAP
38,52,42,42,0,0,Clayey,Maize,Urea
35,55,52,7,8,27,Sandy,Cotton,14-35-14
33,55,33,38,0,0,Black,Maize,Urea
28,71,55,13,1,36,Red,Cotton,DAP
29,59,38,21,0,18,Clayey,Pulses,28-28
30,61,59,14,13,13,Sandy,Sugarcane,17-17-17
34,62,43,12,1,39,Red,Cotton,DAP
30,63,31,9,12,16,Sandy,Sugarcane,17-17-17
31,57,23,10,14,9,Sandy,Sugarcane,17-17-17
33,64,36,13,0,37,Red,Millets,DAP
30,76,42,10,18,17,Clayey,Barley,10-26-26
26,56,33,4,16,18,Sandy,Pulses,10-26-26
28,47,53,10,13,14,Black,Cotton,17-17-17
26,58,45,14,10,12,Loamy,Cotton,17-17-17
30,58,62,10,8,25,Loamy,Sugarcane,14-35-14
29,63,51,23,0,16,Sandy,Pulses,28-28
30,52,59,13,12,16,Sandy,Sugarcane,17-17-17
31,66,48,13,0,39,Sandy,Cotton,DAP
36,58,52,8,0,9,Sandy,Oil seeds,20-20
24,69,55,9,9,26,Clayey,Paddy,14-35-14
33,59,50,38,0,0,Loamy,Wheat,Urea
32,55,42,43,2,0,Sandy,Tobacco,Urea
36,65,56,8,18,17,Red,Barley,10-26-26
32,61,43,13,0,12,Loamy,Wheat,20-20
25,62,29,6,16,24,Red,Wheat,10-26-26
28,56,43,13,0,17,Black,Millets,20-20
33,54,43,12,0,16,Sandy,Sugarcane,20-20
31,55,58,8,8,31,Sandy,Cotton,14-35-14
28,65,38,37,0,0,Clayey,Millets,Urea
27,58,64,13,1,10,Black,Millets,20-20
24,45,29,16,19,18,Clayey,Barley,10-26-26
27,54,40,18,0,19,Clayey,Millets,28-28
39,67,46,15,0,38,Loamy,Oil seeds,DAP
29,68,44,38,0,0,Clayey,Wheat,Urea
29,67,49,13,0,37,Red,Ground Nuts,DAP
33,57,40,10,0,10,Loamy,Cotton,20-20
32,59,87,10,7,30,Loamy,Cotton,14-35-14
33,58,45,22,0,22,Sandy,Ground Nuts,28-28
32,54,34,12,1,38,Red,Ground Nuts,DAP
30,71,68,12,0,40,Sandy,Sugarcane,DAP
33,49,42,14,14,13,Sandy,Sugarcane,17-17-17
25,62,65,11,0,12,Loamy,Wheat,20-20
32,59,47,10,0,12,Sandy,Pulses,20-20
31,58,41,8,8,25,Clayey,Sugarcane,14-35-14
31,65,34,38,0,0,Black,Pulses,Urea
35,47,51,22,0,24,Loamy,Wheat,28-28
31,53,53,12,0,13,Loamy,Millets,20-20
27,61,48,11,1,13,Black,Millets,20-20
27,63,44,9,18,19,Red,Pulses,10-26-26
37,65,48,14,0,38,Sandy,Barley,DAP
31,56,40,8,10,29,Clayey,Barley,14-35-14
23,55,50,10,1,11,Loamy,Millets,20-20
29,59,46,14,0,37,Red,Ground Nuts,DAP
30,61,62,21,0,19,Loamy,Pulses,28-28
25,61,42,40,0,1,Red,Pulses,Urea
24,50,34,13,11,13,Red,Cotton,17-17-17
36,62,45,21,1,19,Clayey,Paddy,28-28
26,53,51,10,15,12,Black,Sugarcane,17-17-17
36,57,50,12,12,16,Sandy,Maize,17-17-17
27,67,39,23,0,24,Loamy,Tobacco,28-28
25,66,34,12,0,38,Loamy,Oil seeds,DAP
30,53,49,8,9,30,Sandy,Wheat,14-35-14
34,53,45,5,18,19,Clayey,Barley,10-26-26
26,53,21,12,0,9,Loamy,Millets,20-20
35,51,41,10,18,16,Red,Paddy,10-26-26
29,75,27,8,9,33,Sandy,Maize,14-35-14
31,62,43,12,0,15,Black,Sugarcane,20-20
32,64,32,38,0,0,Black,Wheat,Urea
31,63,49,24,0,20,Sandy,Barley,28-28
26,61,40,41,1,3,Black,Sugarcane,Urea
33,53,45,14,15,12,Loamy,Cotton,17-17-17
27,51,22,42,1,0,Black,Wheat,Urea
29,63,36,22,0,18,Clayey,Pulses,28-28
32,58,37,9,7,30,Loamy,Wheat,14-35-14
36,58,59,12,1,7,Clayey,Oil seeds,20-20
29,49,39,38,0,0,Loamy,Millets,Urea
33,58,49,8,8,34,Loamy,Wheat,14-35-14
32,55,65,16,0,41,Loamy,Barley,DAP
27,65,27,6,20,16,Clayey,Tobacco,10-26-26
32,50,36,10,11,13,Loamy,Ground Nuts,17-17-17
28,62,38,10,11,11,Black,Sugarcane,17-17-17
32,61,38,8,9,25,Loamy,Wheat,14-35-14
33,59,38,6,18,20,Red,Tobacco,10-26-26
26,60,39,22,3,22,Loamy,Ground Nuts,28-28
30,61,36,4,20,23,Clayey,Pulses,10-26-26
27,64,56,5,20,16,Clayey,Tobacco,10-26-26
31,63,54,9,15,15,Sandy,Sugarcane,17-17-17
32,62,51,8,7,30,Loamy,Paddy,14-35-14
29,63,59,39,2,0,Loamy,Wheat,Urea
32,56,27,22,0,22,Clayey,Paddy,28-28
37,60,57,12,0,11,Loamy,Millets,20-20
29,59,54,10,15,10,Sandy,Cotton,17-17-17
29,59,38,9,0,12,Loamy,Millets,20-20
25,53,33,16,0,39,Red,Ground Nuts,DAP
31,62,59,24,0,19,Clayey,Tobacco,28-28
38,51,48,14,0,39,Sandy,Cotton,DAP
23,58,46,13,13,13,Sandy,Maize,17-17-17
30,49,42,25,0,20,Sandy,Millets,28-28
23,63,40,10,17,19,Sandy,Barley,10-26-26
32,57,37,23,0,19,Loamy,Paddy,28-28
37,61,50,9,8,31,Clayey,Maize,14-35-14
31,57,46,13,0,12,Black,Wheat,20-20
34,58,15,15,0,37,Red,Barley,DAP
23,56,52,12,11,11,Red,Ground Nuts,17-17-17
30,55,37,15,0,39,Loamy,Pulses,DAP
31,56,31,9,19,17,Clayey,Pulses,10-26-26
31,61,41,11,0,11,Clayey,Millets,20-20
27,53,52,14,13,13,Sandy,Barley,17-17-17
23,62,39,10,11,14,Red,Sugarcane,17-17-17
31,61,23,12,1,40,Sandy,Ground Nuts,DAP
28,61,26,39,0,1,Clayey,Oil seeds,Urea
29,51,40,5,18,18,Sandy,Paddy,10-26-26
31,66,37,23,0,21,Clayey,Cotton,28-28
26,63,55,13,15,12,Sandy,Ground Nuts,17-17-17
26,62,55,8,0,8,Clayey,Pulses,20-20
25,48,39,14,20,19,Loamy,Barley,10-26-26
31,53,54,24,0,19,Clayey,Pulses,28-28
32,66,51,40,1,1,Sandy,Millets,Urea
31,61,63,7,10,30,Sandy,Pulses,14-35-14
23,56,55,15,11,12,Black,Maize,17-17-17
26,55,40,8,19,21,Clayey,Tobacco,10-26-26
34,56,35,8,10,31,Red,Cotton,14-35-14
32,60,45,23,2,17,Sandy,Maize,28-28
37,66,44,23,0,16,Red,Tobacco,28-28
35,64,27,13,1,42,Clayey,Ground Nuts,DAP
30,54,37,13,0,39,Red,Cotton,DAP
34,54,48,12,0,13,Sandy,Sugarcane,20-20
39,57,52,8,8,30,Red,Sugarcane,14-35-14
32,54,46,11,11,12,Red,Sugarcane,17-17-17
29,68,44,12,13,14,Black,Ground Nuts,17-17-17
30,65,37,23,1,19,Black,Barley,28-28
34,53,59,15,15,13,Black,Ground Nuts,17-17-17
25,54,22,16,14,12,Loamy,Sugarcane,17-17-17
30,60,42,4,18,19,Sandy,Tobacco,10-26-26
30,55,50,39,1,1,Red,Paddy,Urea
29,60,41,23,0,25,Sandy,Barley,28-28
31,60,50,37,1,0,Black,Wheat,Urea
29,60,33,10,1,14,Sandy,Sugarcane,20-20
22,73,35,12,17,21,Red,Tobacco,10-26-26
33,63,46,8,11,33,Black,Maize,14-35-14
28,58,45,13,0,41,Clayey,Pulses,DAP
25,51,52,23,0,23,Sandy,Barley,28-28
27,59,44,22,0,21,Sandy,Maize,28-28
27,43,51,11,1,13,Black,Pulses,20-20
31,58,35,13,17,13,Sandy,Barley,17-17-17
26,74,63,10,0,13,Loamy,Oil seeds,20-20
32,57,17,23,0,21,Red,Barley,28-28
29,49,43,15,14,13,Sandy,Cotton,17-17-17
28,58,52,20,0,23,Red,Millets,28-28
29,55,61,39,0,1,Red,Millets,Urea
29,58,33,14,13,14,Sandy,Barley,17-17-17
27,53,40,11,11,11,Loamy,Cotton,17-17-17
29,58,57,23,2,23,Black,Pulses,28-28
29,60,31,8,9,31,Sandy,Cotton,14-35-14
33,68,42,9,10,33,Loamy,Cotton,14-35-14
28,54,39,22,1,17,Loamy,Paddy,28-28
32,55,42,23,0,18,Black,Paddy,28-28
28,58,38,12,0,13,Sandy,Pulses,20-20
38,63,50,6,19,17,Red,Paddy,10-26-26
30,57,43,14,1,10,Loamy,Pulses,20-20
40,66,50,11,0,39,Loamy,Cotton,DAP
26,49,28,3,18,14,Red,Pulses,10-26-26
23,55,56,38,0,0,Clayey,Ground Nuts,Urea
30,48,45,8,19,18,Loamy,Barley,10-26-26
33,56,61,14,0,37,Red,Tobacco,DAP
35,60,71,13,15,13,Loamy,Ground Nuts,17-17-17
30,60,59,40,1,1,Loamy,Cotton,Urea
28,55,49,12,0,36,Red,Paddy,DAP
29,51,38,0,18,20,Clayey,Pulses,10-26-26
33,65,38,11,0,13,Sandy,Sugarcane,20-20
31,49,46,40,0,0,Clayey,Maize,Urea
29,61,47,13,12,14,Loamy,Sugarcane,17-17-17
35,57,60,7,7,31,Black,Sugarcane,14-35-14
34,57,53,8,8,30,Black,Oil seeds,14-35-14
34,66,26,12,0,11,Loamy,Oil seeds,20-20
32,62,52,11,0,13,Black,Oil seeds,20-20
28,57,45,42,1,0,Clayey,Pulses,Urea
28,61,31,9,9,32,Loamy,Barley,14-35-14
32,51,64,11,0,9,Clayey,Paddy,20-20
28,59,48,12,12,13,Red,Sugarcane,17-17-17
31,64,40,11,18,17,Red,Wheat,10-26-26
26,58,34,6,17,17,Clayey,Tobacco,10-26-26
29,66,28,14,0,40,Red,Cotton,DAP
33,61,49,12,1,37,Loamy,Tobacco,DAP
30,59,61,13,13,16,Black,Ground Nuts,17-17-17
29,59,53,11,0,11,Loamy,Oil seeds,20-20
29,64,31,7,17,15,Clayey,Barley,10-26-26
26,58,41,10,8,24,Loamy,Paddy,14-35-14
27,65,33,13,10,13,Sandy,Maize,17-17-17
25,55,44,23,0,16,Sandy,Millets,28-28
34,65,32,24,0,23,Red,Maize,28-28
29,47,43,23,0,24,Black,Tobacco,28-28
23,69,44,38,0,0,Clayey,Oil seeds,Urea
32,60,60,11,0,11,Clayey,Wheat,20-20
32,59,42,9,10,25,Black,Pulses,14-35-14
33,54,27,11,0,13,Sandy,Pulses,20-20
29,64,40,6,8,27,Black,Maize,14-35-14
27,59,43,13,0,39,Sandy,Cotton,DAP
36,51,50,10,13,14,Red,Sugarcane,17-17-17
25,61,51,13,0,36,Clayey,Cotton,DAP
28,52,61,40,0,1,Black,Sugarcane,Urea
31,58,32,9,0,10,Clayey,Sugarcane,20-20
25,51,36,7,19,19,Clayey,Wheat,10-26-26
28,54,32,23,0,18,Clayey,Barley,28-28
33,57,28,14,1,37,Loamy,Tobacco,DAP
24,51,35,22,0,22,Clayey,Paddy,28-28
27,71,40,9,17,16,Sandy,Pulses,10-26-26
28,56,35,36,0,0,Black,Pulses,Urea
37,59,61,7,17,20,Sandy,Pulses,10-26-26
36,62,51,5,7,32,Loamy,Cotton,14-35-14
35,69,38,8,8,31,Black,Sugarcane,14-35-14
29,57,42,12,1,42,Sandy,Pulses,DAP
31,47,27,39,1,0,Loamy,Ground Nuts,Urea
30,60,52,12,15,10,Black,Ground Nuts,17-17-17
28,54,47,11,1,8,Black,Oil seeds,20-20
28,56,40,7,8,26,Red,Maize,14-35-14
30,52,59,40,0,0,Black,Millets,Urea
27,64,63,9,15,16,Black,Sugarcane,17-17-17
28,59,32,15,0,40,Black,Ground Nuts,DAP
35,63,26,12,0,38,Red,Cotton,DAP
27,67,57,13,1,13,Loamy,Wheat,20-20
33,63,32,41,0,1,Black,Millets,Urea
29,70,43,22,0,25,Black,Maize,28-28
28,62,34,34,0,0,Clayey,Oil seeds,Urea
31,64,41,12,17,15,Red,Wheat,10-26-26
29,64,50,22,0,18,Red,Wheat,28-28
31,51,73,14,0,14,Black,Sugarcane,20-20
28,57,37,4,17,20,Loamy,Pulses,10-26-26
32,65,48,25,1,21,Sandy,Ground Nuts,28-28
30,65,29,13,19,18,Clayey,Pulses,10-26-26
33,60,50,23,0,16,Sandy,Paddy,28-28
32,54,34,24,0,22,Sandy,Millets,28-28
28,55,38,23,0,20,Loamy,Paddy,28-28
27,55,46,22,0,17,Black,Paddy,28-28
28,45,53,10,11,13,Sandy,Sugarcane,17-17-17
25,68,37,9,0,14,Black,Sugarcane,20-20
30,52,65,15,0,40,Red,Wheat,DAP
28,59,47,10,11,12,Sandy,Sugarcane,17-17-17
32,59,41,13,0,42,Loamy,Cotton,DAP
28,62,31,23,0,20,Clayey,Wheat,28-28
27,64,49,11,15,13,Red,Cotton,17-17-17
29,58,32,8,0,11,Clayey,Pulses,20-20
29,59,30,14,1,38,Black,Cotton,DAP
30,57,48,10,17,15,Sandy,Wheat,10-26-26
34,48,38,36,0,1,Loamy,Tobacco,Urea
31,58,54,11,16,15,Sandy,Cotton,17-17-17
32,53,47,9,7,26,Sandy,Cotton,14-35-14
35,53,62,11,7,32,Sandy,Sugarcane,14-35-14
32,53,43,40,0,1,Clayey,Oil seeds,Urea
28,55,38,11,0,9,Sandy,Millets,20-20
29,48,35,4,17,18,Loamy,Tobacco,10-26-26
29,66,29,14,1,40,Sandy,Cotton,DAP
27,59,58,8,9,34,Sandy,Maize,14-35-14
34,46,48,22,1,21,Sandy,Pulses,28-28
30,73,35,4,18,16,Clayey,Pulses,10-26-26
27,51,55,40,1,1,Black,Millets,Urea
31,62,49,8,0,13,Clayey,Paddy,20-20
27,58,42,6,8,31,Clayey,Paddy,14-35-14
25,52,49,24,0,16,Clayey,Wheat,28-28
35,64,35,8,10,31,Loamy,Cotton,14-35-14
27,58,29,40,2,1,Black,Paddy,Urea
34,67,50,36,0,0,Red,Paddy,Urea
28,58,40,22,0,22,Sandy,Wheat,28-28
26,61,47,8,17,19,Clayey,Pulses,10-26-26
30,60,34,23,0,17,Loamy,Pulses,28-28
30,64,49,35,1,1,Loamy,Tobacco,Urea
33,67,57,14,0,10,Clayey,Sugarcane,20-20
32,53,30,13,0,37,Red,Oil seeds,DAP
28,53,33,11,16,16,Red,Wheat,10-26-26
28,54,37,11,0,11,Black,Cotton,20-20
31,58,21,38,0,2,Black,Cotton,Urea
30,67,23,9,0,40,Sandy,Cotton,DAP
28,55,46,14,14,14,Red,Sugarcane,17-17-17
34,58,18,40,0,0,Loamy,Paddy,Urea
31,51,48,11,0,12,Red,Pulses,20-20
34,49,58,12,0,41,Red,Ground Nuts,DAP
27,53,56,11,0,11,Sandy,Sugarcane,20-20
27,62,38,13,0,10,Sandy,Cotton,20-20
31,64,41,7,8,30,Sandy,Oil seeds,14-35-14
32,58,33,35,0,1,Loamy,Pulses,Urea
32,55,46,11,1,8,Loamy,Pulses,20-20
27,55,35,8,8,31,Sandy,Wheat,14-35-14
36,51,38,11,13,11,Red,Barley,17-17-17
27,50,22,40,0,0,Black,Oil seeds,Urea
30,47,51,13,0,18,Sandy,Oil seeds,20-20
27,58,48,11,12,14,Red,Ground Nuts,17-17-17
32,57,47,24,2,25,Clayey,Millets,28-28
32,60,46,12,0,40,Black,Sugarcane,DAP
36,64,30,12,0,37,Black,Oil seeds,DAP
21,48,56,12,14,13,Red,Ground Nuts,17-17-17
34,62,44,8,9,30,Loamy,Paddy,14-35-14
33,60,37,8,19,16,Clayey,Barley,10-26-26
29,55,35,12,14,13,Red,Maize,17-17-17
33,60,55,14,0,40,Sandy,Millets,DAP
34,62,59,9,9,29,Loamy,Cotton,14-35-14
28,65,49,43,1,0,Loamy,Millets,Urea
27,55,52,12,0,8,Clayey,Paddy,20-20
33,67,29,14,2,38,Red,Barley,DAP
27,50,52,43,0,1,Loamy,Sugarcane,Urea
31,57,28,9,0,11,Black,Cotton,20-20
31,55,40,37,0,1,Black,Sugarcane,Urea
26,70,38,13,0,38,Red,Pulses,DAP
28,70,26,33,0,0,Black,Paddy,Urea
29,57,31,24,1,23,Red,Tobacco,28-28
22,56,51,12,1,13,Loamy,Sugarcane,20-20
28,66,53,13,1,13,Sandy,Sugarcane,20-20
28,63,37,11,16,14,Red,Barley,10-26-26
39,59,34,17,18,20,Clayey,Pulses,10-26-26
31,49,43,12,0,12,Sandy,Sugarcane,20-20
37,57,28,7,7,33,Black,Oil seeds,14-35-14
35,49,58,15,0,33,Loamy,Oil seeds,DAP
36,56,44,10,20,18,Loamy,Tobacco,10-26-26
34,56,25,37,2,1,Black,Tobacco,Urea
32,52,69,12,1,8,Loamy,Sugarcane,20-20
31,57,22,4,19,18,Loamy,Tobacco,10-26-26
33,59,46,22,0,22,Loamy,Maize,28-28
29,61,41,39,0,0,Black,Pulses,Urea
30,56,26,12,14,15,Red,Ground Nuts,17-17-17
29,63,55,12,14,14,Sandy,Sugarcane,17-17-17
26,54,19,14,2,9,Black,Pulses,20-20
29,55,46,13,1,37,Red,Ground Nuts,DAP
39,64,31,14,0,38,Clayey,Ground Nuts,DAP
31,58,43,5,18,20,Clayey,Paddy,10-26-26
32,56,44,4,18,20,Clayey,Paddy,10-26-26
31,53,40,13,12,13,Sandy,Sugarcane,17-17-17
29,54,37,13,1,37,Clayey,Cotton,DAP
35,73,43,24,0,25,Sandy,Cotton,28-28
24,53,18,22,0,21,Clayey,Tobacco,28-28
36,65,57,7,8,29,Sandy,Maize,14-35-14
23,55,50,24,1,18,Clayey,Pulses,28-28
35,63,40,36,0,0,Sandy,Sugarcane,Urea
40,49,39,14,19,17,Red,Pulses,10-26-26
33,59,38,9,9,31,Black,Sugarcane,14-35-14
32,56,41,6,18,15,Clayey,Tobacco,10-26-26
22,52,42,16,1,7,Sandy,Sugarcane,20-20
34,59,56,14,1,35,Loamy,Cotton,DAP
32,68,17,13,0,40,Sandy,Barley,DAP
32,62,39,7,18,18,Sandy,Tobacco,10-26-26
31,64,43,41,0,1,Black,Oil seeds,Urea
32,65,28,12,1,40,Loamy,Barley,DAP
30,63,27,12,0,38,Red,Cotton,DAP
33,66,38,7,9,27,Red,Oil seeds,14-35-14
32,60,37,10,11,13,Black,Cotton,17-17-17
36,54,51,15,0,41,Sandy,Barley,DAP
28,53,33,15,1,39,Sandy,Cotton,DAP
27,60,28,23,0,19,Black,Paddy,28-28
28,61,51,14,15,14,Sandy,Sugarcane,17-17-17
24,59,42,9,7,26,Sandy,Paddy,14-35-14
34,60,39,38,0,0,Loamy,Paddy,Urea
20,61,66,12,11,12,Black,Barley,17-17-17
33,53,52,7,9,27,Sandy,Paddy,14-35-14
30,66,32,24,2,20,Clayey,Tobacco,28-28
27,45,41,13,15,11,Loamy,Barley,17-17-17
25,58,39,9,0,12,Black,Oil seeds,20-20
28,67,37,6,8,30,Loamy,Maize,14-35-14
30,56,52,10,1,11,Sandy,Millets,20-20
34,57,40,2,19,19,Loamy,Wheat,10-26-26
35,62,38,5,8,29,Loamy,Wheat,14-35-14
33,61,45,12,18,15,Clayey,Pulses,10-26-26
28,58,37,37,0,0,Clayey,Paddy,Urea
30,58,48,20,0,20,Sandy,Tobacco,28-28
26,67,40,14,0,37,Black,Pulses,DAP
30,53,52,3,17,16,Loamy,Tobacco,10-26-26
36,65,45,11,15,16,Loamy,Sugarcane,17-17-17
31,52,49,21,0,20,Sandy,Wheat,28-28
37,66,48,14,0,40,Loamy,Millets,DAP
35,60,37,8,9,33,Clayey,Wheat,14-35-14
26,51,29,9,18,16,Red,Pulses,10-26-26
24,68,40,37,0,0,Black,Tobacco,Urea
32,60,32,40,0,0,Loamy,Tobacco,Urea
32,64,32,10,11,31,Sandy,Cotton,14-35-14
30,67,40,2,18,16,Clayey,Wheat,10-26-26
32,66,58,9,8,31,Clayey,Maize,14-35-14
33,49,54,9,12,11,Loamy,Sugarcane,17-17-17
27,59,38,24,1,23,Sandy,Wheat,28-28
30,49,54,15,1,36,Sandy,Pulses,DAP
20,57,59,9,0,10,Clayey,Pulses,20-20
38,58,67,9,9,25,Sandy,Pulses,14-35-14
30,63,43,12,0,9,Clayey,Paddy,20-20
31,53,49,3,17,19,Red,Paddy,10-26-26
28,56,37,13,0,14,Sandy,Millets,20-20
35,51,60,39,0,0,Black,Paddy,Urea
34,55,39,9,0,8,Black,Millets,20-20
30,69,38,5,18,19,Red,Tobacco,10-26-26
30,63,30,39,0,0,Clayey,Paddy,Urea
34,54,46,10,1,10,Clayey,Cotton,20-20
29,62,43,12,1,14,Loamy,Sugarcane,20-20
35,57,43,6,20,20,Loamy,Pulses,10-26-26
37,70,34,8,16,20,Red,Tobacco,10-26-26
31,66,52,23,1,26,Sandy,Maize,28-28
31,59,61,10,1,12,Clayey,Paddy,20-20
28,58,41,13,0,14,Sandy,Millets,20-20
32,56,43,9,9,31,Black,Barley,14-35-14
26,54,54,12,13,15,Red,Sugarcane,17-17-17
32,66,50,23,0,18,Sandy,Pulses,28-28
26,60,46,11,17,19,Clayey,Tobacco,10-26-26
28,57,24,7,18,18,Sandy,Barley,10-26-26
31,57,50,10,14,12,Sandy,Sugarcane,17-17-17
29,58,30,36,1,1,Clayey,Wheat,Urea
27,65,19,6,19,17,Clayey,Pulses,10-26-26
31,60,34,9,16,15,Black,Maize,17-17-17
33,50,43,43,0,0,Black,Millets,Urea
35,62,14,8,12,29,Clayey,Paddy,14-35-14
36,57,31,22,1,19,Clayey,Ground Nuts,28-28
34,62,44,41,0,1,Black,Wheat,Urea
32,55,42,23,1,16,Sandy,Millets,28-28
30,62,66,9,8,28,Loamy,Cotton,14-35-14
28,54,54,9,9,29,Black,Maize,14-35-14
27,46,44,11,12,14,Red,Sugarcane,17-17-17
22,62,50,21,0,22,Sandy,Barley,28-28
32,49,34,38,0,1,Loamy,Paddy,Urea
20,51,60,12,13,11,Sandy,Cotton,17-17-17
28,58,42,9,8,26,Clayey,Maize,14-35-14
35,63,50,13,0,36,Black,Paddy,DAP
32,60,39,6,17,18,Loamy,Tobacco,10-26-26
37,59,36,6,17,16,Red,Tobacco,10-26-26
21,55,55,9,18,22,Clayey,Pulses,10-26-26
28,60,35,7,16,20,Red,Tobacco,10-26-26
32,67,45,25,0,18,Sandy,Tobacco,28-28
33,57,56,8,18,16,Clayey,Pulses,10-26-26
31,64,68,7,7,32,Clayey,Wheat,14-35-14
28,53,36,13,13,13,Red,Ground Nuts,17-17-17
32,74,42,40,0,0,Sandy,Millets,Urea
29,61,44,25,0,21,Red,Tobacco,28-28
31,61,38,8,18,20,Loamy,Wheat,10-26-26
31,66,50,12,18,19,Clayey,Wheat,10-26-26
30,60,39,39,0,1,Black,Millets,Urea
32,49,49,14,10,13,Loamy,Barley,17-17-17
31,69,39,10,20,21,Red,Tobacco,10-26-26
30,63,26,13,18,21,Loamy,Tobacco,10-26-26
29,54,49,7,11,30,Clayey,Pulses,14-35-14
33,63,32,9,10,30,Loamy,Wheat,14-35-14
29,62,60,8,8,29,Red,Pulses,14-35-14
33,62,26,13,0,37,Clayey,Barley,DAP
25,53,53,16,0,9,Black,Paddy,20-20
31,68,50,10,0,9,Black,Millets,20-20
35,60,52,13,0,39,Black,Ground Nuts,DAP
33,60,43,38,0,0,Loamy,Millets,Urea
33,50,58,13,0,16,Black,Cotton,20-20
32,60,50,8,16,14,Loamy,Tobacco,10-26-26
26,59,52,22,1,20,Clayey,Ground Nuts,28-28
30,60,21,12,1,37,Red,Oil seeds,DAP
27,50,35,15,0,9,Loamy,Wheat,20-20
31,64,26,41,0,0,Sandy,Millets,Urea
31,57,56,16,0,37,Sandy,Cotton,DAP
35,58,32,12,0,39,Red,Paddy,DAP
27,63,45,37,0,1,Loamy,Sugarcane,Urea
37,65,44,13,0,39,Loamy,Ground Nuts,DAP
34,63,28,24,0,23,Loamy,Pulses,28-28
34,72,52,13,0,41,Red,Cotton,DAP
32,59,40,13,0,36,Loamy,Ground Nuts,DAP
34,63,48,10,0,40,Sandy,Wheat,DAP
30,67,50,14,0,36,Loamy,Wheat,DAP
26,59,45,13,19,18,Loamy,Tobacco,10-26-26
24,54,51,10,0,12,Black,Pulses,20-20
30,58,36,7,8,29,Loamy,Oil seeds,14-35-14
22,55,40,14,19,16,Red,Barley,10-26-26
32,55,52,22,0,22,Loamy,Cotton,28-28
27,63,33,14,18,16,Red,Paddy,10-26-26
27,60,60,5,10,32,Clayey,Paddy,14-35-14
29,60,65,13,1,12,Clayey,Millets,20-20
28,66,58,37,0,0,Clayey,Maize,Urea
26,60,59,6,17,19,Loamy,Barley,10-26-26
30,72,50,11,0,35,Black,Barley,DAP
29,62,50,7,9,26,Red,Cotton,14-35-14
29,47,52,7,6,22,Black,Barley,14-35-14
30,58,35,8,19,19,Red,Tobacco,10-26-26
30,64,7,12,0,42,Red,Ground Nuts,DAP
31,53,49,35,0,0,Loamy,Sugarcane,Urea
31,58,44,7,17,18,Loamy,Tobacco,10-26-26
33,62,41,35,0,0,Red,Millets,Urea
26,64,23,9,13,14,Loamy,Ground Nuts,17-17-17
31,54,46,12,0,15,Clayey,Millets,20-20
26,50,49,9,14,13,Red,Sugarcane,17-17-17
31,59,57,10,1,14,Clayey,Sugarcane,20-20
29,66,67,9,7,27,Loamy,Cotton,14-35-14
32,60,50,14,16,12,Loamy,Maize,17-17-17
27,64,35,5,15,18,Red,Barley,10-26-26
34,54,23,10,2,8,Sandy,Cotton,20-20
27,64,50,21,0,28,Sandy,Barley,28-28
31,52,53,14,0,9,Black,Sugarcane,20-20
30,59,28,12,16,12,Sandy,Sugarcane,17-17-17
35,69,33,12,1,42,Sandy,Tobacco,DAP
33,66,40,15,0,40,Clayey,Ground Nuts,DAP
29,62,44,11,0,10,Loamy,Pulses,20-20
33,62,29,14,20,17,Red,Wheat,10-26-26
31,62,31,22,0,19,Clayey,Barley,28-28
31,61,42,9,9,30,Sandy,Paddy,14-35-14
28,59,62,11,0,13,Clayey,Millets,20-20
30,63,46,13,0,37,Red,Cotton,DAP
32,55,32,11,1,14,Red,Paddy,20-20
30,68,13,40,0,0,Red,Wheat,Urea
30,64,64,8,10,26,Sandy,Cotton,14-35-14
30,59,49,36,0,0,Black,Oil seeds,Urea
30,54,15,40,1,0,Loamy,Ground Nuts,Urea
27,57,60,15,1,10,Sandy,Pulses,20-20
27,64,36,12,0,15,Black,Wheat,20-20
23,50,42,22,2,26,Sandy,Paddy,28-28
33,66,41,38,0,0,Loamy,Ground Nuts,Urea
35,57,44,9,9,32,Sandy,Maize,14-35-14
29,57,27,36,0,0,Black,Wheat,Urea
25,56,23,12,0,35,Clayey,Ground Nuts,DAP
31,57,56,12,0,15,Loamy,Sugarcane,20-20
31,73,61,15,13,15,Sandy,Cotton,17-17-17
32,72,35,11,11,14,Loamy,Maize,17-17-17
29,68,27,14,1,40,Red,Cotton,DAP
30,60,59,36,1,0,Sandy,Pulses,Urea
35,53,40,5,17,18,Clayey,Wheat,10-26-26
33,63,58,11,1,40,Sandy,Sugarcane,DAP
34,49,14,40,0,0,Clayey,Tobacco,Urea
35,64,67,9,7,33,Black,Paddy,14-35-14
35,58,41,1,17,17,Clayey,Pulses,10-26-26
34,61,57,12,1,36,Loamy,Barley,DAP
36,49,51,15,14,13,Sandy,Barley,17-17-17
27,58,37,24,0,21,Clayey,Paddy,28-28
33,66,70,9,7,29,Loamy,Sugarcane,14-35-14
32,63,79,8,8,30,Loamy,Maize,14-35-14
34,57,14,44,0,0,Black,Tobacco,Urea
26,61,41,14,1,38,Sandy,Barley,DAP
30,48,42,24,0,26,Loamy,Paddy,28-28
34,73,53,13,0,38,Black,Oil seeds,DAP
29,51,50,10,19,20,Clayey,Tobacco,10-26-26
30,57,27,8,16,18,Clayey,Barley,10-26-26
25,66,35,8,18,16,Sandy,Paddy,10-26-26
27,50,58,38,0,0,Black,Millets,Urea
31,55,51,13,11,13,Loamy,Sugarcane,17-17-17
32,65,31,13,0,40,Loamy,Cotton,DAP
28,70,42,36,1,0,Loamy,Paddy,Urea
29,60,45,4,18,10,Red,Tobacco,10-26-26
33,61,47,13,0,40,Loamy,Wheat,DAP
29,53,40,42,0,0,Clayey,Wheat,Urea
29,64,43,22,0,20,Black,Millets,28-28
28,48,54,12,0,39,Loamy,Wheat,DAP
31,75,48,34,1,0,Black,Millets,Urea
30,60,44,8,9,28,Clayey,Cotton,14-35-14
27,49,50,11,12,11,Red,Barley,17-17-17
19,60,29,13,13,14,Red,Sugarcane,17-17-17
27,46,45,21,1,20,Clayey,Maize,28-28
35,55,52,7,7,28,Clayey,Paddy,14-35-14
30,53,54,2,19,17,Red,Barley,10-26-26
31,55,36,8,18,17,Sandy,Tobacco,10-26-26
31,67,31,41,1,0,Black,Oil seeds,Urea
30,68,57,8,7,30,Sandy,Sugarcane,14-35-14
27,50,84,13,0,14,Clayey,Sugarcane,20-20
28,54,23,15,0,42,Clayey,Ground Nuts,DAP
25,58,26,10,8,29,Black,Sugarcane,14-35-14
26,57,36,14,1,13,Clayey,Pulses,20-20
36,59,37,15,0,38,Black,Millets,DAP
33,66,22,13,1,38,Loamy,Barley,DAP
17,55,39,7,19,15,Clayey,Pulses,10-26-26
34,67,57,9,8,28,Clayey,Maize,14-35-14
32,58,44,6,17,18,Red,Tobacco,10-26-26
32,69,59,23,0,24,Black,Pulses,28-28
31,53,55,38,0,0,Clayey,Wheat,Urea
30,61,65,14,12,13,Sandy,Sugarcane,17-17-17
23,72,42,12,10,13,Sandy,Cotton,17-17-17
30,69,43,24,0,20,Red,Paddy,28-28
24,67,41,41,0,0,Loamy,Millets,Urea
31,64,28,35,1,0,Loamy,Tobacco,Urea
28,56,45,39,1,2,Loamy,Sugarcane,Urea
36,67,54,12,0,39,Loamy,Paddy,DAP
35,68,48,7,6,31,Loamy,Wheat,14-35-14
26,59,28,5,19,18,Clayey,Pulses,10-26-26
31,58,39,36,0,1,Black,Paddy,Urea
32,55,55,13,18,21,Red,Tobacco,10-26-26
27,54,75,15,1,11,Black,Paddy,20-20
32,60,46,23,2,22,Sandy,Wheat,28-28
27,56,31,6,18,19,Clayey,Tobacco,10-26-26
35,71,42,9,15,23,Red,Pulses,10-26-26
29,50,28,13,18,18,Sandy,Barley,10-26-26
27,50,41,11,13,11,Sandy,Barley,17-17-17
32,67,31,15,1,41,Loamy,Sugarcane,DAP
31,58,52,3,19,20,Clayey,Barley,10-26-26
25,52,34,12,11,12,Loamy,Sugarcane,17-17-17
28,51,51,22,0,21,Loamy,Tobacco,28-28
27,61,36,23,1,19,Black,Pulses,28-28
30,69,27,11,14,14,Sandy,Cotton,17-17-17
24,54,61,12,12,14,Sandy,Ground Nuts,17-17-17
25,53,48,23,0,22,Sandy,Pulses,28-28
30,64,45,10,10,26,Loamy,Maize,14-35-14
28,56,50,11,0,35,Sandy,Barley,DAP
28,60,41,38,1,1,Clayey,Wheat,Urea
34,54,53,39,1,2,Loamy,Pulses,Urea
34,64,51,10,0,10,Loamy,Paddy,20-20
29,66,23,12,1,37,Black,Wheat,DAP
28,55,34,15,17,18,Clayey,Barley,10-26-26
30,53,43,37,1,0,Clayey,Pulses,Urea
33,61,13,9,9,33,Clayey,Maize,14-35-14
30,70,65,14,0,37,Red,Ground Nuts,DAP
30,54,34,7,8,28,Clayey,Oil seeds,14-35-14
27,59,44,9,10,31,Sandy,Cotton,14-35-14
30,57,26,37,0,1,Loamy,Paddy,Urea
28,54,47,8,9,29,Clayey,Paddy,14-35-14
27,56,54,23,0,19,Black,Ground Nuts,28-28
30,70,26,14,0,38,Loamy,Sugarcane,DAP
36,51,65,34,0,1,Black,Pulses,Urea
25,56,33,9,17,13,Red,Barley,10-26-26
33,59,28,35,0,2,Black,Ground Nuts,Urea
32,53,39,13,3,36,Red,Wheat,DAP
30,61,51,21,1,20,Clayey,Pulses,28-28
29,57,45,40,1,0,Loamy,Pulses,Urea
31,57,43,38,1,1,Black,Ground Nuts,Urea
26,60,61,24,0,24,Red,Tobacco,28-28
34,53,50,11,18,19,Clayey,Wheat,10-26-26
26,62,50,8,14,14,Red,Sugarcane,17-17-17
32,58,41,5,10,30,Sandy,Maize,14-35-14
30,56,44,23,1,21,Clayey,Pulses,28-28
32,54,37,14,11,13,Black,Sugarcane,17-17-17
30,67,27,14,0,13,Sandy,Sugarcane,20-20
28,57,32,10,1,11,Clayey,Pulses,20-20
31,46,33,1,19,18,Sandy,Tobacco,10-26-26
34,66,30,13,1,40,Loamy,Pulses,DAP
37,60,38,39,0,0,Black,Cotton,Urea
36,59,56,6,9,28,Loamy,Maize,14-35-14
29,69,47,11,0,13,Sandy,Oil seeds,20-20
32,62,44,13,1,38,Loamy,Ground Nuts,DAP
28,60,41,13,0,13,Clayey,Cotton,20-20
28,62,56,7,10,26,Black,Oil seeds,14-35-14
29,49,41,13,11,15,Sandy,Cotton,17-17-17
26,53,33,22,0,23,Red,Maize,28-28
27,55,51,3,17,16,Red,Wheat,10-26-26
32,68,41,39,1,0,Clayey,Pulses,Urea
30,62,60,12,13,11,Red,Sugarcane,17-17-17
34,60,46,37,0,0,Clayey,Oil seeds,Urea
33,60,46,7,10,32,Loamy,Paddy,14-35-14
32,59,32,39,0,1,Clayey,Oil seeds,Urea
29,49,56,12,12,13,Red,Maize,17-17-17
33,64,45,13,2,41,Loamy,Sugarcane,DAP
32,48,28,12,12,12,Sandy,Sugarcane,17-17-17
21,58,51,15,13,15,Loamy,Sugarcane,17-17-17
35,54,18,7,7,28,Clayey,Paddy,14-35-14
30,59,28,11,13,15,Loamy,Sugarcane,17-17-17
25,56,42,13,12,12,Red,Barley,17-17-17
28,55,42,37,0,0,Clayey,Oil seeds,Urea
38,65,25,37,1,0,Clayey,Oil seeds,Urea
27,50,31,41,0,3,Loamy,Sugarcane,Urea
30,58,42,38,1,2,Black,Sugarcane,Urea
33,64,56,38,1,0,Clayey,Cotton,Urea
24,62,61,11,0,39,Loamy,Cotton,DAP
31,62,50,36,0,1,Red,Paddy,Urea
34,66,34,14,12,10,Red,Sugarcane,17-17-17
30,57,38,9,0,11,Black,Pulses,20-20
33,61,53,32,2,0,Loamy,Cotton,Urea
38,56,37,42,2,0,Loamy,Cotton,Urea
32,61,33,8,8,29,Loamy,Sugarcane,14-35-14
30,70,35,7,8,26,Clayey,Sugarcane,14-35-14
31,51,30,41,0,1,Loamy,Cotton,Urea
30,53,24,39,0,0,Loamy,Millets,Urea
33,43,41,6,0,10,Sandy,Sugarcane,20-20
26,54,53,13,1,16,Sandy,Pulses,20-20
26,51,35,14,0,41,Red,Ground Nuts,DAP
24,56,42,13,0,16,Sandy,Sugarcane,20-20
26,53,38,22,0,16,Clayey,Paddy,28-28
31,46,39,37,0,0,Red,Millets,Urea
25,67,36,44,0,0,Red,Ground Nuts,Urea
21,59,29,10,0,39,Clayey,Millets,DAP
39,58,50,4,15,14,Red,Pulses,10-26-26
31,57,46,9,7,30,Black,Sugarcane,14-35-14
27,59,34,13,12,15,Red,Sugarcane,17-17-17
32,73,44,39,0,0,Loamy,Paddy,Urea
32,55,51,8,9,31,Red,Maize,14-35-14
36,60,39,10,7,27,Black,Cotton,14-35-14
31,71,49,12,13,13,Sandy,Ground Nuts,17-17-17
31,52,69,39,0,1,Loamy,Millets,Urea
36,62,17,11,0,39,Loamy,Ground Nuts,DAP
26,63,46,36,0,0,Loamy,Millets,Urea
30,52,37,6,17,22,Red,Pulses,10-26-26
33,71,29,9,13,11,Red,Ground Nuts,17-17-17
27,60,41,12,15,13,Black,Sugarcane,17-17-17
35,58,44,22,0,19,Loamy,Wheat,28-28
29,58,43,10,19,15,Clayey,Pulses,10-26-26
32,63,34,12,17,21,Clayey,Tobacco,10-26-26
30,46,33,12,0,11,Black,Oil seeds,20-20
33,64,28,6,8,28,Black,Oil seeds,14-35-14
28,53,36,21,0,25,Clayey,Tobacco,28-28
31,51,42,12,1,37,Loamy,Ground Nuts,DAP
35,62,47,43,0,1,Loamy,Paddy,Urea
24,52,44,13,0,9,Clayey,Pulses,20-20
28,54,37,36,0,2,Clayey,Paddy,Urea
23,59,62,9,14,14,Sandy,Cotton,17-17-17
28,50,25,40,0,2,Red,Sugarcane,Urea
29,62,47,11,0,8,Red,Millets,20-20
32,60,53,10,8,30,Loamy,Oil seeds,14-35-14
36,71,65,41,1,1,Clayey,Paddy,Urea
31,59,46,13,0,12,Black,Cotton,20-20
26,53,40,10,16,22,Clayey,Barley,10-26-26
34,56,20,36,0,0,Loamy,Millets,Urea
30,52,46,40,1,1,Clayey,Wheat,Urea
27,54,50,8,0,12,Sandy,Pulses,20-20
33,55,30,13,0,15,Clayey,Oil seeds,20-20
28,51,38,13,0,38,Loamy,Cotton,DAP
31,57,55,9,10,30,Black,Oil seeds,14-35-14
20,51,46,15,14,14,Red,Sugarcane,17-17-17
27,57,44,11,3,12,Black,Wheat,20-20
32,58,49,42,0,0,Loamy,Paddy,Urea
32,53,36,14,17,16,Clayey,Wheat,10-26-26
27,54,58,24,0,20,Clayey,Paddy,28-28
30,53,43,23,0,24,Black,Ground Nuts,28-28
29,55,42,13,0,13,Sandy,Millets,20-20
31,53,59,40,0,0,Red,Tobacco,Urea
30,49,42,1,18,19,Clayey,Tobacco,10-26-26
30,59,21,8,9,26,Clayey,Oil seeds,14-35-14
31,41,49,8,1,15,Loamy,Millets,20-20
28,61,40,22,0,19,Black,Pulses,28-28
31,65,60,9,9,27,Loamy,Cotton,14-35-14
28,68,52,12,14,14,Loamy,Barley,17-17-17
26,64,56,6,19,21,Red,Wheat,10-26-26
31,49,51,12,0,8,Black,Millets,20-20
29,63,75,14,0,8,Black,Pulses,20-20
32,59,35,13,0,40,Red,Barley,DAP
29,59,38,10,17,13,Loamy,Tobacco,10-26-26
28,62,48,11,12,14,Loamy,Sugarcane,17-17-17
25,60,33,13,13,12,Red,Sugarcane,17-17-17
36,56,31,38,0,1,Loamy,Pulses,Urea
33,53,48,8,9,32,Loamy,Oil seeds,14-35-14
30,49,35,13,11,14,Sandy,Sugarcane,17-17-17
31,49,43,10,8,29,Black,Oil seeds,14-35-14
34,56,48,12,11,13,Red,Maize,17-17-17
35,65,66,37,1,0,Clayey,Ground Nuts,Urea
32,66,81,9,9,31,Loamy,Sugarcane,14-35-14
32,46,56,12,14,15,Loamy,Ground Nuts,17-17-17
27,57,52,15,10,12,Red,Sugarcane,17-17-17
29,60,44,38,0,1,Red,Maize,Urea
30,54,27,37,0,2,Clayey,Ground Nuts,Urea
34,57,27,23,0,22,Clayey,Wheat,28-28
33,49,51,14,0,39,Red,Cotton,DAP
30,51,31,14,1,12,Loamy,Millets,20-20
29,58,25,22,1,18,Sandy,Tobacco,28-28
17,72,41,4,18,18,Red,Paddy,10-26-26
31,64,57,12,0,18,Loamy,Pulses,20-20
30,54,57,11,15,13,Loamy,Sugarcane,17-17-17
28,65,41,13,13,13,Loamy,Sugarcane,17-17-17
31,49,35,14,0,11,Loamy,Pulses,20-20
26,65,54,11,0,10,Red,Millets,20-20
34,65,33,38,0,1,Clayey,Ground Nuts,Urea
28,65,26,14,0,37,Sandy,Barley,DAP
33,58,20,8,10,29,Red,Pulses,14-35-14
31,48,46,38,0,0,Black,Oil seeds,Urea
29,61,35,9,8,27,Clayey,Oil seeds,14-35-14
31,58,65,12,2,40,Black,Ground Nuts,DAP
29,59,41,12,13,13,Loamy,Sugarcane,17-17-17
28,63,36,25,2,22,Sandy,Barley,28-28
26,49,43,25,3,21,Sandy,Tobacco,28-28
37,56,39,13,18,20,Red,Pulses,10-26-26
25,61,54,10,13,13,Red,Sugarcane,17-17-17
35,54,45,14,0,45,Loamy,Oil seeds,DAP
31,57,28,4,17,20,Clayey,Tobacco,10-26-26
34,56,41,3,18,18,Clayey,Pulses,10-26-26
28,55,44,24,0,19,Clayey,Maize,28-28
27,56,44,23,1,18,Sandy,Wheat,28-28
31,61,30,12,2,40,Sandy,Sugarcane,DAP
33,58,37,7,8,34,Black,Cotton,14-35-14
27,63,33,4,20,20,Clayey,Paddy,10-26-26
29,57,55,9,8,27,Loamy,Pulses,14-35-14
30,60,49,10,8,28,Red,Pulses,14-35-14
27,54,46,10,1,38,Black,Ground Nuts,DAP
32,67,35,12,14,14,Sandy,Sugarcane,17-17-17
30,61,47,8,9,32,Loamy,Paddy,14-35-14
25,48,45,13,1,12,Sandy,Oil seeds,20-20
29,69,35,12,10,14,Black,Maize,17-17-17
29,66,48,19,0,24,Red,Paddy,28-28
24,52,50,23,0,20,Loamy,Paddy,28-28
31,70,32,15,0,35,Loamy,Cotton,DAP
29,55,40,9,9,33,Sandy,Cotton,14-35-14
33,55,41,11,0,12,Loamy,Millets,20-20
33,70,52,14,0,42,Red,Barley,DAP
25,56,42,23,0,25,Red,Paddy,28-28
22,68,56,6,8,34,Sandy,Oil seeds,14-35-14
30,66,23,7,7,29,Red,Maize,14-35-14
27,55,36,22,3,23,Clayey,Pulses,28-28
26,67,44,23,0,24,Red,Pulses,28-28
33,51,29,11,0,15,Loamy,Pulses,20-20
27,50,48,9,0,17,Sandy,Sugarcane,20-20
34,59,33,7,18,20,Red,Tobacco,10-26-26
36,71,46,10,17,22,Clayey,Wheat,10-26-26
29,57,51,12,14,13,Red,Cotton,17-17-17
26,56,38,14,0,16,Black,Cotton,20-20
29,52,59,8,0,11,Black,Wheat,20-20
31,56,44,11,18,16,Red,Paddy,10-26-26
28,66,47,11,14,13,Loamy,Cotton,17-17-17
27,59,59,5,17,18,Clayey,Barley,10-26-26
18,48,46,15,19,18,Clayey,Wheat,10-26-26
33,57,46,9,13,12,Sandy,Barley,17-17-17
30,50,64,6,7,29,Black,Sugarcane,14-35-14
36,57,48,39,3,1,Black,Cotton,Urea
29,51,43,22,1,27,Clayey,Maize,28-28
32,68,42,8,7,32,Sandy,Wheat,14-35-14
33,61,64,12,10,14,Loamy,Sugarcane,17-17-17
36,61,31,5,7,26,Sandy,Cotton,14-35-14
32,50,73,13,0,10,Black,Cotton,20-20
31,56,37,39,0,0,Clayey,Paddy,Urea
30,59,52,37,0,0,Black,Oil seeds,Urea
28,52,27,21,0,25,Loamy,Tobacco,28-28
34,66,44,23,1,23,Clayey,Pulses,28-28
30,48,50,5,17,23,Sandy,Wheat,10-26-26
34,54,25,10,8,27,Clayey,Cotton,14-35-14
29,55,44,13,13,13,Sandy,Maize,17-17-17
36,58,43,13,0,35,Sandy,Barley,DAP
28,57,46,7,19,19,Clayey,Tobacco,10-26-26
33,67,29,13,0,39,Red,Millets,DAP
30,56,42,12,1,35,Loamy,Ground Nuts,DAP
32,60,52,23,0,20,Red,Ground Nuts,28-28
31,61,43,10,7,31,Clayey,Sugarcane,14-35-14
35,63,42,7,9,25,Black,Oil seeds,14-35-14
29,58,40,8,15,18,Red,Tobacco,10-26-26
32,58,28,14,1,35,Sandy,Tobacco,DAP
31,53,41,8,0,11,Loamy,Pulses,20-20
28,50,62,10,1,15,Clayey,Millets,20-20
29,56,43,10,0,9,Loamy,Sugarcane,20-20
34,66,47,8,8,27,Clayey,Sugarcane,14-35-14
32,63,37,42,0,0,Loamy,Ground Nuts,Urea
32,62,31,25,0,20,Sandy,Paddy,28-28
28,63,34,39,0,0,Clayey,Paddy,Urea
31,57,85,7,8,31,Black,Oil seeds,14-35-14
33,52,48,42,0,0,Loamy,Millets,Urea
37,63,36,40,1,1,Black,Wheat,Urea
31,52,54,14,15,16,Sandy,Maize,17-17-17
23,60,26,8,8,29,Clayey,Wheat,14-35-14
28,59,42,9,12,15,Black,Barley,17-17-17
32,55,41,10,18,19,Red,Paddy,10-26-26
28,64,54,23,0,20,Loamy,Barley,28-28
30,58,62,21,0,22,Clayey,Paddy,28-28
25,66,40,10,12,13,Loamy,Sugarcane,17-17-17
21,50,27,13,12,12,Loamy,Sugarcane,17-17-17
22,53,53,13,12,13,Sandy,Sugarcane,17-17-17
34,57,42,13,0,42,Loamy,Barley,DAP
32,61,43,11,0,36,Red,Cotton,DAP
23,56,62,11,12,15,Sandy,Maize,17-17-17
31,63,55,11,0,13,Black,Sugarcane,20-20
28,57,81,15,0,36,Red,Sugarcane,DAP
31,62,39,21,0,21,Loamy,Tobacco,28-28
29,54,32,37,0,0,Clayey,Paddy,Urea
20,55,68,11,12,13,Loamy,Sugarcane,17-17-17
24,62,54,12,13,15,Loamy,Cotton,17-17-17
34,51,33,10,19,21,Red,Barley,10-26-26
31,65,36,22,0,15,Sandy,Ground Nuts,28-28
36,60,35,37,0,0,Red,Ground Nuts,Urea
28,62,57,8,0,9,Clayey,Oil seeds,20-20
36,59,41,22,0,24,Black,Pulses,28-28
25,52,69,13,13,13,Loamy,Sugarcane,17-17-17
27,46,50,12,0,10,Clayey,Millets,20-20
27,57,43,22,0,26,Clayey,Tobacco,28-28
33,64,20,15,0,41,Loamy,Ground Nuts,DAP
30,65,41,22,1,21,Red,Paddy,28-28
35,63,36,25,0,19,Sandy,Maize,28-28
31,53,44,22,0,19,Clayey,Paddy,28-28
38,63,31,13,0,39,Red,Barley,DAP
34,60,27,11,9,26,Red,Oil seeds,14-35-14
29,69,48,9,8,26,Clayey,Sugarcane,14-35-14
34,54,26,42,0,0,Black,Oil seeds,Urea
30,57,40,9,7,31,Black,Paddy,14-35-14
31,63,24,4,19,20,Sandy,Tobacco,10-26-26
34,55,51,11,18,18,Clayey,Paddy,10-26-26
28,60,46,24,0,20,Red,Wheat,28-28
29,45,49,12,2,11,Sandy,Pulses,20-20
31,64,38,9,0,9,Sandy,Oil seeds,20-20
32,61,63,7,19,17,Sandy,Tobacco,10-26-26
29,60,42,22,1,21,Red,Tobacco,28-28
31,59,60,13,13,12,Sandy,Sugarcane,17-17-17
27,54,36,23,0,20,Sandy,Barley,28-28
29,63,62,41,0,0,Black,Ground Nuts,Urea
30,56,52,9,0,12,Sandy,Cotton,20-20
32,64,14,13,0,40,Sandy,Oil seeds,DAP
26,60,37,23,0,21,Clayey,Millets,28-28
26,62,50,23,0,25,Loamy,Maize,28-28
29,58,31,9,10,29,Loamy,Oil seeds,14-35-14
25,65,47,21,3,21,Loamy,Cotton,28-28
31,63,49,21,0,24,Clayey,Tobacco,28-28
34,52,56,10,15,14,Black,Cotton,17-17-17
26,63,67,14,15,13,Sandy,Maize,17-17-17
30,53,35,15,0,9,Clayey,Sugarcane,20-20
26,66,37,8,11,30,Red,Barley,14-35-14
27,64,45,13,19,20,Red,Pulses,10-26-26
29,55,43,7,20,21,Loamy,Pulses,10-26-26
32,59,45,10,7,27,Sandy,Wheat,14-35-14
27,50,41,9,12,12,Red,Barley,17-17-17
25,61,54,9,9,33,Loamy,Cotton,14-35-14
29,53,56,9,8,28,Loamy,Cotton,14-35-14
32,64,45,15,0,37,Red,Tobacco,DAP
32,63,44,38,0,0,Sandy,Sugarcane,Urea
30,65,31,40,0,0,Clayey,Wheat,Urea
31,70,51,13,0,16,Black,Pulses,20-20
35,49,41,12,0,39,Loamy,Tobacco,DAP
30,56,35,12,0,40,Loamy,Pulses,DAP
30,66,48,38,1,0,Clayey,Maize,Urea
27,62,49,23,0,20,Sandy,Paddy,28-28
27,52,42,5,17,16,Clayey,Wheat,10-26-26
29,61,42,12,0,11,Red,Oil seeds,20-20
32,54,44,13,1,10,Loamy,Pulses,20-20
26,61,42,12,15,15,Black,Sugarcane,17-17-17
34,78,41,14,0,39,Loamy,Millets,DAP
31,59,43,37,0,0,Loamy,Paddy,Urea
25,47,55,15,11,16,Red,Ground Nuts,17-17-17
31,55,67,9,10,29,Loamy,Cotton,14-35-14
28,52,51,9,0,14,Sandy,Pulses,20-20
35,64,41,8,17,16,Red,Barley,10-26-26
33,62,39,38,0,0,Red,Wheat,Urea
32,58,40,14,14,12,Loamy,Barley,17-17-17
27,57,37,39,2,0,Clayey,Wheat,Urea
31,52,47,13,0,12,Sandy,Millets,20-20
35,59,64,10,10,30,Black,Cotton,14-35-14
35,54,37,8,19,20,Sandy,Paddy,10-26-26
31,62,36,12,1,11,Clayey,Oil seeds,20-20
32,57,53,22,0,21,Sandy,Millets,28-28
32,62,43,9,1,9,Loamy,Pulses,20-20
28,61,51,9,11,24,Clayey,Barley,14-35-14
26,50,60,36,0,0,Sandy,Tobacco,Urea
23,51,42,21,0,18,Red,Cotton,28-28
38,70,52,16,0,37,Red,Sugarcane,DAP
28,45,46,12,15,13,Sandy,Maize,17-17-17
29,61,55,12,9,27,Red,Pulses,14-35-14
30,65,31,5,8,29,Loamy,Paddy,14-35-14
29,48,41,4,16,15,Loamy,Barley,10-26-26
33,57,40,11,0,12,Loamy,Millets,20-20
29,62,36,8,7,29,Loamy,Cotton,14-35-14
30,63,37,10,17,14,Loamy,Paddy,10-26-26
25,48,36,12,13,13,Black,Maize,17-17-17
31,52,58,14,0,42,Loamy,Barley,DAP
35,69,42,22,0,23,Loamy,Millets,28-28
33,66,24,10,9,32,Black,Cotton,14-35-14
33,54,42,7,2,9,Loamy,Millets,20-20
34,62,42,10,9,34,Black,Maize,14-35-14
26,63,39,38,1,0,Black,Millets,Urea
34,62,46,15,1,39,Loamy,Millets,DAP
25,61,32,6,14,23,Loamy,Paddy,10-26-26
29,52,41,23,0,23,Clayey,Maize,28-28
36,61,37,8,9,28,Black,Oil seeds,14-35-14
28,52,37,7,19,19,Clayey,Barley,10-26-26
28,59,32,37,1,0,Black,Tobacco,Urea
33,57,26,8,10,25,Clayey,Sugarcane,14-35-14
24,60,45,12,0,8,Black,Sugarcane,20-20
30,62,36,12,17,13,Red,Pulses,10-26-26
35,57,18,8,9,30,Loamy,Paddy,14-35-14
32,54,37,13,0,38,Sandy,Cotton,DAP
31,56,42,16,11,14,Red,Cotton,17-17-17
30,59,37,13,12,13,Black,Maize,17-17-17
30,65,46,37,0,2,Black,Maize,Urea
28,63,58,12,0,38,Loamy,Ground Nuts,DAP
32,57,49,43,0,0,Black,Sugarcane,Urea
31,68,55,20,1,21,Red,Ground Nuts,28-28
28,70,41,24,0,23,Black,Cotton,28-28
33,50,24,15,11,13,Sandy,Sugarcane,17-17-17
22,46,41,11,16,19,Sandy,Pulses,10-26-26
31,63,51,13,15,12,Loamy,Cotton,17-17-17
34,73,45,9,9,28,Sandy,Paddy,14-35-14
25,50,19,13,1,14,Black,Sugarcane,20-20
35,56,48,6,17,19,Red,Wheat,10-26-26
32,68,32,8,9,27,Sandy,Cotton,14-35-14
36,66,40,9,9,33,Loamy,Cotton,14-35-14
32,65,37,11,15,14,Red,Barley,17-17-17
30,66,46,39,1,0,Sandy,Paddy,Urea
35,65,77,8,10,29,Loamy,Cotton,14-35-14
29,61,26,9,0,9,Black,Oil seeds,20-20
36,56,35,39,0,0,Sandy,Wheat,Urea
30,61,43,10,0,37,Red,Wheat,DAP
30,64,33,5,19,17,Sandy,Tobacco,10-26-26
33,55,27,25,0,18,Red,Tobacco,28-28
33,68,46,14,0,41,Loamy,Cotton,DAP
25,55,42,9,11,12,Black,Ground Nuts,17-17-17
35,59,48,23,0,15,Red,Tobacco,28-28
31,64,44,6,9,32,Clayey,Sugarcane,14-35-14
19,56,47,5,20,17,Clayey,Tobacco,10-26-26
32,65,54,9,10,26,Sandy,Paddy,14-35-14
27,60,37,10,10,15,Black,Sugarcane,17-17-17
29,64,68,13,13,15,Sandy,Sugarcane,17-17-17
32,53,29,6,19,13,Red,Tobacco,10-26-26
30,55,46,22,0,17,Sandy,Maize,28-28
39,61,53,12,0,41,Red,Cotton,DAP
26,62,32,42,0,0,Black,Pulses,Urea
31,61,50,14,0,39,Red,Cotton,DAP
27,55,43,11,14,15,Sandy,Sugarcane,17-17-17
32,46,0,13,11,13,Black,Sugarcane,17-17-17
24,60,29,10,17,15,Sandy,Paddy,10-26-26
32,48,40,12,0,45,Sandy,Ground Nuts,DAP
31,58,23,13,2,38,Red,Paddy,DAP
31,64,42,11,1,44,Black,Cotton,DAP
30,54,48,36,0,0,Sandy,Millets,Urea
31,54,40,21,0,21,Sandy,Barley,28-28
39,56,23,15,14,12,Black,Barley,17-17-17
33,55,24,14,1,8,Sandy,Oil seeds,20-20
22,59,57,22,0,22,Black,Cotton,28-28
27,62,39,20,1,19,Sandy,Ground Nuts,28-28
32,56,45,43,1,0,Clayey,Oil seeds,Urea
28,51,37,23,0,18,Clayey,Maize,28-28
29,62,47,22,0,19,Sandy,Millets,28-28
27,62,38,22,1,20,Sandy,Tobacco,28-28
30,55,44,14,0,12,Clayey,Paddy,20-20
31,62,46,10,12,15,Loamy,Sugarcane,17-17-17
27,59,42,8,9,28,Black,Cotton,14-35-14
36,60,41,15,18,16,Red,Pulses,10-26-26
29,60,45,24,1,21,Sandy,Tobacco,28-28
26,59,72,13,12,11,Red,Sugarcane,17-17-17
29,60,54,36,0,0,Black,Tobacco,Urea
34,61,43,24,0,24,Clayey,Maize,28-28
31,55,30,5,19,18,Sandy,Paddy,10-26-26
26,56,37,6,19,17,Sandy,Pulses,10-26-26
33,59,32,8,7,30,Sandy,Paddy,14-35-14
32,60,57,13,0,43,Red,Oil seeds,DAP
29,62,66,12,13,10,Red,Ground Nuts,17-17-17
31,61,56,9,8,29,Loamy,Cotton,14-35-14
30,60,33,12,14,11,Red,Cotton,17-17-17
29,55,35,13,13,14,Red,Cotton,17-17-17
38,54,66,11,0,13,Red,Millets,20-20
32,58,60,12,14,13,Red,Sugarcane,17-17-17
40,59,49,14,0,38,Sandy,Sugarcane,DAP
31,58,56,11,0,38,Red,Millets,DAP
33,59,39,23,0,26,Loamy,Pulses,28-28
28,63,49,22,0,22,Red,Wheat,28-28
31,55,64,6,8,27,Sandy,Sugarcane,14-35-14
28,61,36,11,0,44,Loamy,Paddy,DAP
31,63,67,8,9,27,Sandy,Sugarcane,14-35-14
33,63,33,10,18,15,Red,Pulses,10-26-26
36,51,42,8,18,15,Clayey,Paddy,10-26-26
21,50,42,12,0,13,Black,Cotton,20-20
27,73,44,22,1,23,Clayey,Ground Nuts,28-28
30,54,62,8,7,29,Loamy,Barley,14-35-14
31,51,52,38,0,1,Black,Paddy,Urea
24,52,36,11,12,14,Loamy,Ground Nuts,17-17-17
34,61,64,6,7,24,Black,Sugarcane,14-35-14
37,60,36,7,18,15,Sandy,Wheat,10-26-26
34,57,32,22,0,18,Clayey,Paddy,28-28
26,57,54,8,10,31,Clayey,Wheat,14-35-14
30,66,43,39,0,0,Red,Sugarcane,Urea
35,68,34,9,9,28,Clayey,Maize,14-35-14
25,63,30,8,17,20,Clayey,Paddy,10-26-26
30,63,25,10,8,31,Clayey,Oil seeds,14-35-14
28,60,42,13,0,42,Loamy,Cotton,DAP
31,57,39,35,1,0,Black,Wheat,Urea
29,56,27,9,8,32,Black,Oil seeds,14-35-14
36,49,38,23,1,22,Red,Barley,28-28
26,63,34,9,6,33,Sandy,Wheat,14-35-14
30,61,45,9,9,29,Clayey,Cotton,14-35-14
31,55,43,37,0,1,Loamy,Paddy,Urea
25,54,32,9,15,11,Sandy,Barley,17-17-17
35,56,29,7,17,19,Clayey,Paddy,10-26-26
31,57,33,25,0,23,Clayey,Millets,28-28
30,56,77,11,7,34,Clayey,Oil seeds,14-35-14
37,63,61,7,8,23,Sandy,Cotton,14-35-14
24,51,63,13,12,15,Sandy,Ground Nuts,17-17-17
35,62,36,23,0,24,Clayey,Pulses,28-28
28,59,29,39,0,0,Black,Wheat,Urea
30,50,42,21,0,19,Clayey,Barley,28-28
31,58,43,12,0,9,Black,Sugarcane,20-20
29,63,41,5,18,17,Clayey,Pulses,10-26-26
28,54,44,41,0,0,Clayey,Sugarcane,Urea
26,57,49,14,0,14,Clayey,Millets,20-20
27,62,35,5,19,16,Red,Tobacco,10-26-26
32,64,55,11,0,38,Loamy,Sugarcane,DAP
26,64,28,23,0,18,Red,Tobacco,28-28
39,53,64,22,0,22,Red,Barley,28-28
34,67,50,7,10,30,Sandy,Paddy,14-35-14
28,52,24,12,19,15,Clayey,Tobacco,10-26-26
36,56,38,13,2,45,Red,Pulses,DAP
26,48,57,15,12,11,Loamy,Sugarcane,17-17-17
30,68,31,1,18,17,Clayey,Tobacco,10-26-26
36,63,38,13,0,39,Clayey,Millets,DAP
35,63,40,39,1,0,Red,Millets,Urea
29,64,53,22,0,21,Black,Barley,28-28
33,55,63,11,11,12,Sandy,Sugarcane,17-17-17
38,63,38,10,0,38,Red,Barley,DAP
27,55,50,40,0,0,Black,Paddy,Urea
27,56,41,11,0,8,Black,Sugarcane,20-20
31,60,57,9,8,32,Loamy,Paddy,14-35-14
31,53,52,9,8,33,Clayey,Sugarcane,14-35-14
31,66,28,12,13,13,Sandy,Maize,17-17-17
22,54,38,20,0,16,Clayey,Maize,28-28
36,49,37,23,0,24,Black,Wheat,28-28
38,56,28,15,0,36,Red,Cotton,DAP
29,60,35,21,1,20,Clayey,Wheat,28-28
29,54,44,6,9,29,Sandy,Cotton,14-35-14
30,64,16,12,0,36,Clayey,Paddy,DAP
35,55,60,13,1,42,Clayey,Ground Nuts,DAP
29,56,45,13,0,39,Red,Millets,DAP
30,61,42,36,1,1,Black,Pulses,Urea
35,60,55,9,9,29,Black,Sugarcane,14-35-14
32,66,52,40,0,1,Loamy,Sugarcane,Urea
27,61,48,22,0,21,Sandy,Tobacco,28-28
29,55,31,12,19,20,Red,Paddy,10-26-26
31,47,68,7,9,29,Loamy,Cotton,14-35-14
30,57,55,4,20,18,Clayey,Paddy,10-26-26
32,69,33,14,0,38,Red,Paddy,DAP
27,63,44,23,1,22,Clayey,Millets,28-28
35,60,56,15,0,37,Clayey,Ground Nuts,DAP
30,71,51,7,8,28,Loamy,Cotton,14-35-14
25,59,52,6,18,17,Red,Barley,10-26-26
30,72,43,23,0,19,Sandy,Ground Nuts,28-28
32,64,31,25,0,19,Sandy,Tobacco,28-28
34,55,40,38,0,1,Black,Millets,Urea
33,55,56,11,12,16,Loamy,Maize,17-17-17
30,54,38,24,2,25,Sandy,Barley,28-28
36,66,43,8,8,32,Sandy,Cotton,14-35-14
30,56,26,6,18,16,Red,Tobacco,10-26-26
29,59,68,12,0,38,Black,Barley,DAP
34,49,36,39,2,0,Loamy,Sugarcane,Urea
35,60,59,11,1,14,Black,Sugarcane,20-20
33,53,39,22,0,20,Sandy,Millets,28-28
30,73,48,8,8,32,Loamy,Sugarcane,14-35-14
30,60,49,12,15,13,Red,Sugarcane,17-17-17
31,60,52,10,9,28,Sandy,Oil seeds,14-35-14
27,56,55,8,8,28,Red,Cotton,14-35-14
29,55,49,14,0,17,Clayey,Millets,20-20
34,65,32,10,0,41,Red,Ground Nuts,DAP
33,71,44,14,0,39,Red,Cotton,DAP
29,54,40,39,2,0,Black,Wheat,Urea
39,58,55,37,0,2,Black,Millets,Urea
32,62,66,11,16,12,Black,Barley,17-17-17
28,54,41,7,14,12,Black,Barley,17-17-17
28,48,40,10,17,16,Clayey,Pulses,10-26-26
36,64,52,23,0,24,Sandy,Barley,28-28
20,55,37,22,0,20,Loamy,Barley,28-28
28,47,41,38,2,1,Loamy,Wheat,Urea
29,67,40,39,0,0,Clayey,Maize,Urea
27,51,42,22,3,23,Red,Barley,28-28
33,55,50,24,2,20,Clayey,Barley,28-28
29,58,37,9,10,29,Clayey,Cotton,14-35-14
26,57,41,9,0,13,Clayey,Sugarcane,20-20
32,56,45,9,8,33,Black,Cotton,14-35-14
29,57,38,43,0,0,Clayey,Cotton,Urea
36,56,37,14,1,38,Loamy,Ground Nuts,DAP
31,58,5,16,1,38,Clayey,Paddy,DAP
28,63,52,0,18,14,Red,Wheat,10-26-26
25,52,46,14,19,15,Red,Wheat,10-26-26
29,55,60,10,0,16,Black,Cotton,20-20
24,45,37,10,1,12,Loamy,Paddy,20-20
29,55,70,15,2,36,Red,Cotton,DAP
36,64,38,13,13,14,Red,Sugarcane,17-17-17
33,65,41,22,0,18,Sandy,Barley,28-28
38,65,61,11,0,38,Black,Cotton,DAP
33,58,62,36,0,0,Loamy,Pulses,Urea
21,61,56,13,12,14,Sandy,Sugarcane,17-17-17
30,55,29,23,0,23,Clayey,Paddy,28-28
31,60,42,38,0,0,Clayey,Sugarcane,Urea
31,60,50,7,0,9,Black,Sugarcane,20-20
32,56,54,24,0,21,Black,Barley,28-28
28,57,49,5,19,21,Clayey,Pulses,10-26-26
36,59,34,10,0,43,Red,Barley,DAP
33,54,44,12,0,13,Clayey,Oil seeds,20-20
30,61,31,8,7,27,Black,Sugarcane,14-35-14
25,58,36,3,16,16,Red,Tobacco,10-26-26
29,54,50,22,0,16,Red,Tobacco,28-28
28,58,51,9,1,13,Clayey,Wheat,20-20
25,65,36,8,0,11,Loamy,Oil seeds,20-20
27,57,57,23,1,21,Clayey,Millets,28-28
33,64,33,7,17,17,Loamy,Paddy,10-26-26
32,60,46,39,1,1,Red,Ground Nuts,Urea
29,58,34,13,0,9,Sandy,Sugarcane,20-20
24,60,47,8,8,30,Clayey,Cotton,14-35-14
30,60,35,9,0,11,Black,Millets,20-20
26,48,48,40,0,0,Black,Millets,Urea
37,62,29,40,0,1,Black,Maize,Urea
29,67,27,5,17,17,Red,Pulses,10-26-26
31,65,33,14,2,41,Red,Barley,DAP
31,68,48,4,18,18,Loamy,Wheat,10-26-26
34,64,39,12,12,12,Black,Ground Nuts,17-17-17
35,57,35,41,0,2,Clayey,Oil seeds,Urea
33,49,37,41,0,0,Black,Sugarcane,Urea
27,52,44,13,0,10,Black,Millets,20-20
32,61,37,7,8,28,Black,Oil seeds,14-35-14
31,54,40,24,1,23,Loamy,Maize,28-28
29,60,46,12,12,12,Red,Barley,17-17-17
37,47,59,13,0,36,Red,Sugarcane,DAP
29,62,38,5,17,16,Clayey,Pulses,10-26-26
32,60,62,9,17,16,Clayey,Paddy,10-26-26
31,69,45,9,7,29,Black,Sugarcane,14-35-14
20,53,36,11,19,16,Red,Pulses,10-26-26
28,45,49,9,7,27,Black,Cotton,14-35-14
30,51,39,7,18,16,Clayey,Barley,10-26-26
25,46,60,9,13,15,Red,Maize,17-17-17
28,55,47,23,0,20,Sandy,Tobacco,28-28
25,55,70,13,9,15,Sandy,Sugarcane,17-17-17
33,56,59,13,1,12,Black,Sugarcane,20-20
35,52,29,14,1,13,Black,Pulses,20-20
29,62,62,10,13,14,Black,Barley,17-17-17
27,50,37,6,18,18,Clayey,Pulses,10-26-26
26,63,40,8,9,27,Loamy,Paddy,14-35-14
25,52,36,11,0,15,Loamy,Oil seeds,20-20
32,67,44,40,0,1,Sandy,Oil seeds,Urea
24,55,33,12,0,7,Black,Pulses,20-20
31,44,53,22,1,23,Black,Wheat,28-28
28,58,34,8,0,11,Black,Oil seeds,20-20
28,59,50,22,0,17,Sandy,Maize,28-28
29,62,50,7,10,27,Sandy,Oil seeds,14-35-14
36,52,29,11,0,11,Sandy,Wheat,20-20
27,48,31,5,18,20,Clayey,Pulses,10-26-26
30,62,44,7,10,30,Black,Paddy,14-35-14
27,58,50,27,0,22,Clayey,Paddy,28-28
31,69,41,39,1,0,Clayey,Millets,Urea
31,61,42,9,15,17,Loamy,Pulses,10-26-26
18,57,40,0,19,16,Loamy,Tobacco,10-26-26
37,72,41,11,2,42,Loamy,Ground Nuts,DAP
24,63,46,23,1,20,Loamy,Barley,28-28
31,54,40,13,14,13,Sandy,Cotton,17-17-17
30,50,50,7,0,14,Black,Pulses,20-20
32,60,33,39,2,1,Sandy,Paddy,Urea
34,62,41,15,10,12,Loamy,Barley,17-17-17
33,48,51,12,13,15,Sandy,Sugarcane,17-17-17
32,52,31,4,18,17,Clayey,Pulses,10-26-26
25,66,16,13,0,38,Loamy,Paddy,DAP
32,51,46,9,16,21,Clayey,Paddy,10-26-26
29,55,34,10,0,13,Sandy,Cotton,20-20
27,62,30,24,0,20,Clayey,Maize,28-28
31,58,43,40,0,2,Black,Paddy,Urea
25,63,49,43,0,0,Clayey,Wheat,Urea
34,84,16,16,0,39,Loamy,Cotton,DAP
33,60,34,21,0,21,Loamy,Maize,28-28
28,52,35,36,0,0,Clayey,Wheat,Urea
35,59,42,12,18,19,Loamy,Wheat,10-26-26
30,56,48,12,0,10,Loamy,Oil seeds,20-20
25,56,50,23,1,25,Loamy,Millets,28-28
29,56,49,6,18,17,Red,Pulses,10-26-26
31,48,46,37,0,1,Red,Oil seeds,Urea
26,55,38,25,0,21,Black,Millets,28-28
32,65,43,5,16,19,Clayey,Wheat,10-26-26
32,57,40,23,1,23,Red,Paddy,28-28
35,72,37,14,2,37,Loamy,Millets,DAP
27,57,66,11,0,10,Loamy,Sugarcane,20-20
27,70,55,40,0,0,Black,Cotton,Urea
31,71,55,13,14,11,Black,Cotton,17-17-17
35,61,40,10,8,26,Black,Paddy,14-35-14
35,56,47,9,17,16,Red,Pulses,10-26-26
33,60,26,9,9,28,Clayey,Cotton,14-35-14
25,59,54,13,1,10,Clayey,Sugarcane,20-20
28,44,56,4,19,18,Sandy,Pulses,10-26-26
36,58,31,9,8,27,Loamy,Sugarcane,14-35-14
27,58,56,16,0,34,Loamy,Ground Nuts,DAP
27,50,39,14,18,17,Clayey,Pulses,10-26-26
37,61,34,10,0,13,Black,Pulses,20-20
31,50,47,38,0,1,Black,Oil seeds,Urea
28,51,19,11,1,9,Red,Wheat,20-20
26,55,45,9,10,12,Sandy,Sugarcane,17-17-17
30,57,40,10,15,13,Sandy,Cotton,17-17-17
32,56,42,41,0,0,Clayey,Cotton,Urea
38,61,27,14,2,36,Black,Cotton,DAP
21,61,35,2,20,18,Clayey,Barley,10-26-26
40,60,55,7,6,29,Sandy,Pulses,14-35-14
29,62,40,6,9,29,Black,Barley,14-35-14
32,59,51,4,18,15,Clayey,Pulses,10-26-26
25,54,16,13,0,38,Sandy,Millets,DAP
32,60,29,7,17,14,Red,Tobacco,10-26-26
35,47,32,24,0,19,Black,Barley,28-28
33,47,51,13,0,43,Sandy,Pulses,DAP
30,55,28,15,0,12,Black,Millets,20-20
26,56,51,2,19,17,Red,Tobacco,10-26-26
30,59,42,23,0,25,Sandy,Pulses,28-28
28,60,42,41,3,0,Loamy,Pulses,Urea
26,57,52,5,18,18,Loamy,Pulses,10-26-26
26,70,39,12,13,13,Sandy,Sugarcane,17-17-17
30,64,44,10,1,39,Black,Wheat,DAP
28,61,37,22,0,25,Red,Maize,28-28
23,58,49,11,19,17,Clayey,Tobacco,10-26-26
34,64,40,7,7,29,Black,Pulses,14-35-14
27,52,60,12,1,11,Sandy,Millets,20-20
30,50,51,10,12,13,Sandy,Ground Nuts,17-17-17
33,62,31,12,1,42,Sandy,Tobacco,DAP
34,59,56,9,15,15,Red,Cotton,17-17-17
39,58,44,41,1,1,Sandy,Tobacco,Urea
32,70,49,24,2,22,Red,Tobacco,28-28
32,57,47,10,13,12,Loamy,Sugarcane,17-17-17
33,50,45,8,8,33,Sandy,Barley,14-35-14
28,63,44,35,2,2,Black,Paddy,Urea
30,62,69,7,10,33,Black,Pulses,14-35-14
34,52,60,11,1,14,Loamy,Pulses,20-20
27,52,36,24,0,20,Clayey,Wheat,28-28
33,49,31,40,0,0,Red,Pulses,Urea
30,67,41,13,1,14,Black,Oil seeds,20-20
36,66,37,9,9,31,Black,Barley,14-35-14
36,57,55,42,1,0,Red,Pulses,Urea
36,67,60,40,0,0,Loamy,Millets,Urea
32,56,33,6,20,18,Red,Wheat,10-26-26
28,57,46,13,0,34,Sandy,Ground Nuts,DAP
32,48,53,39,0,1,Sandy,Maize,Urea
27,63,47,12,13,13,Sandy,Barley,17-17-17
28,64,39,41,0,0,Clayey,Cotton,Urea
29,54,57,12,12,12,Red,Cotton,17-17-17
33,65,44,9,8,35,Loamy,Paddy,14-35-14
30,61,32,37,1,0,Black,Millets,Urea
35,54,42,14,10,11,Loamy,Sugarcane,17-17-17
33,56,49,11,2,10,Sandy,Oil seeds,20-20
28,72,28,13,19,22,Loamy,Paddy,10-26-26
31,64,48,7,10,30,Loamy,Oil seeds,14-35-14
34,59,26,12,0,15,Sandy,Wheat,20-20
25,55,36,13,19,20,Clayey,Barley,10-26-26
30,57,40,24,0,23,Red,Tobacco,28-28
35,60,35,9,0,13,Loamy,Sugarcane,20-20
32,65,35,11,12,17,Black,Sugarcane,17-17-17
35,58,27,11,0,38,Clayey,Cotton,DAP
29,70,49,7,19,17,Red,Pulses,10-26-26
25,62,38,11,1,13,Clayey,Paddy,20-20
34,59,53,6,9,31,Loamy,Paddy,14-35-14
30,54,46,11,0,12,Black,Paddy,20-20
30,51,30,38,0,0,Red,Pulses,Urea
31,59,44,9,8,26,Red,Paddy,14-35-14
36,64,37,40,0,0,Clayey,Oil seeds,Urea
29,56,26,37,0,2,Black,Wheat,Urea
33,63,24,8,9,31,Sandy,Paddy,14-35-14
28,69,30,21,0,27,Sandy,Tobacco,28-28
35,56,35,23,0,19,Loamy,Millets,28-28
26,57,43,10,2,10,Clayey,Oil seeds,20-20
28,62,48,11,2,13,Clayey,Paddy,20-20
32,50,52,3,19,14,Loamy,Tobacco,10-26-26
31,44,43,12,13,12,Black,Sugarcane,17-17-17
30,48,45,11,14,17,Sandy,Ground Nuts,17-17-17
40,55,46,7,17,16,Loamy,Pulses,10-26-26
30,63,47,14,0,8,Clayey,Millets,20-20
30,58,44,12,14,13,Sandy,Ground Nuts,17-17-17
31,67,40,8,19,14,Clayey,Pulses,10-26-26
34,59,41,14,0,41,Black,Barley,DAP
40,57,41,11,0,12,Black,Sugarcane,20-20
32,52,14,6,17,19,Sandy,Paddy,10-26-26
28,70,40,24,0,16,Sandy,Barley,28-28
29,65,58,13,1,11,Loamy,Sugarcane,20-20
28,53,67,10,13,13,Loamy,Maize,17-17-17
27,62,46,5,18,16,Clayey,Wheat,10-26-26
36,59,33,12,0,13,Red,Wheat,20-20
29,57,51,15,1,11,Red,Pulses,20-20
29,65,52,12,15,14,Loamy,Sugarcane,17-17-17
30,69,58,6,15,13,Red,Tobacco,10-26-26
33,68,51,8,8,30,Loamy,Cotton,14-35-14
33,65,43,1,17,23,Red,Paddy,10-26-26
32,57,25,12,11,13,Black,Sugarcane,17-17-17
30,57,19,8,18,17,Red,Paddy,10-26-26
25,56,32,8,18,16,Sandy,Paddy,10-26-26
27,53,43,12,0,14,Loamy,Oil seeds,20-20
30,63,30,11,0,38,Black,Ground Nuts,DAP
33,64,19,8,8,28,Clayey,Sugarcane,14-35-14
35,66,57,12,13,14,Sandy,Sugarcane,17-17-17
33,68,58,15,16,13,Loamy,Ground Nuts,17-17-17
29,66,41,8,9,32,Loamy,Wheat,14-35-14
30,71,37,12,15,13,Sandy,Ground Nuts,17-17-17
22,63,58,12,15,15,Sandy,Sugarcane,17-17-17
36,51,57,9,0,14,Black,Pulses,20-20
27,55,47,22,0,21,Clayey,Millets,28-28
36,59,58,8,8,31,Black,Sugarcane,14-35-14
29,61,27,9,9,31,Sandy,Oil seeds,14-35-14
34,49,64,12,14,12,Red,Sugarcane,17-17-17
21,68,61,13,16,12,Loamy,Sugarcane,17-17-17
31,53,58,15,14,13,Sandy,Ground Nuts,17-17-17
26,60,37,15,15,14,Loamy,Ground Nuts,17-17-17
30,64,43,0,16,13,Red,Pulses,10-26-26
30,59,51,12,14,13,Loamy,Sugarcane,17-17-17
31,62,65,9,14,15,Loamy,Sugarcane,17-17-17
32,47,44,12,14,9,Loamy,Barley,17-17-17
32,56,61,6,0,9,Sandy,Sugarcane,20-20
23,55,57,12,0,5,Sandy,Pulses,20-20
35,62,64,12,14,15,Sandy,Barley,17-17-17
39,62,38,7,17,18,Loamy,Wheat,10-26-26
34,63,28,10,18,19,Red,Barley,10-26-26
31,70,35,10,18,21,Clayey,Pulses,10-26-26
25,60,63,13,1,13,Sandy,Cotton,20-20
32,54,40,5,17,17,Clayey,Wheat,10-26-26
33,59,51,8,9,25,Sandy,Sugarcane,14-35-14
32,60,63,7,9,29,Loamy,Sugarcane,14-35-14
28,56,39,22,1,22,Clayey,Maize,28-28
32,59,45,0,18,15,Red,Tobacco,10-26-26
29,62,26,10,0,38,Loamy,Cotton,DAP
27,67,55,9,9,36,Black,Wheat,14-35-14
31,57,48,15,0,33,Clayey,Millets,DAP
33,66,38,1,18,15,Sandy,Tobacco,10-26-26
27,59,51,24,0,20,Red,Paddy,28-28
27,60,35,10,15,14,Red,Maize,17-17-17
31,60,58,12,0,12,Sandy,Wheat,20-20
30,56,44,10,16,18,Clayey,Wheat,10-26-26
28,61,42,23,0,22,Sandy,Millets,28-28
27,63,17,13,2,36,Loamy,Sugarcane,DAP
34,58,62,21,1,24,Red,Cotton,28-28
43,75,40,13,1,42,Black,Sugarcane,DAP
29,60,42,21,0,22,Clayey,Wheat,28-28
30,61,63,11,0,12,Sandy,Pulses,20-20
32,59,55,7,9,33,Loamy,Sugarcane,14-35-14
33,61,51,9,18,21,Clayey,Tobacco,10-26-26
25,65,71,13,15,13,Loamy,Maize,17-17-17
40,68,45,15,1,37,Red,Cotton,DAP
30,58,47,10,1,10,Clayey,Millets,20-20
32,60,32,3,16,20,Clayey,Paddy,10-26-26
30,69,46,38,1,0,Black,Paddy,Urea
34,61,43,22,0,18,Loamy,Pulses,28-28
31,60,25,14,0,38,Sandy,Barley,DAP
31,55,29,13,11,15,Red,Ground Nuts,17-17-17
32,65,19,9,7,29,Black,Cotton,14-35-14
29,62,66,7,10,33,Black,Pulses,14-35-14
28,63,41,12,1,10,Clayey,Millets,20-20
30,50,68,11,0,9,Black,Sugarcane,20-20
27,61,51,12,15,12,Black,Sugarcane,17-17-17
31,68,52,9,7,31,Black,Oil seeds,14-35-14
24,59,58,13,0,8,Loamy,Cotton,20-20
34,43,32,6,17,17,Sandy,Pulses,10-26-26
34,48,26,23,0,21,Sandy,Cotton,28-28
36,55,48,42,0,0,Clayey,Millets,Urea
35,59,21,12,2,38,Clayey,Tobacco,DAP
29,71,46,7,10,31,Loamy,Barley,14-35-14
36,58,61,8,8,31,Loamy,Maize,14-35-14
36,62,36,14,0,40,Clayey,Barley,DAP
37,69,62,8,8,25,Black,Sugarcane,14-35-14
32,53,33,8,17,19,Clayey,Paddy,10-26-26
34,60,48,12,14,14,Loamy,Sugarcane,17-17-17
28,50,51,23,0,25,Clayey,Paddy,28-28
34,54,46,11,0,8,Red,Sugarcane,20-20
33,51,17,9,9,29,Sandy,Barley,14-35-14
31,53,25,11,16,17,Red,Barley,10-26-26
35,62,55,15,18,16,Red,Wheat,10-26-26
35,47,45,8,8,34,Red,Maize,14-35-14
29,56,35,9,0,13,Sandy,Sugarcane,20-20
28,57,41,23,1,22,Clayey,Ground Nuts,28-28
29,62,43,9,0,9,Loamy,Oil seeds,20-20
36,60,46,9,9,30,Clayey,Paddy,14-35-14
28,66,29,7,18,17,Clayey,Pulses,10-26-26
31,57,57,10,6,30,Loamy,Oil seeds,14-35-14
33,53,43,37,0,0,Clayey,Oil seeds,Urea
32,53,71,8,9,27,Loamy,Cotton,14-35-14
33,67,36,10,0,7,Black,Cotton,20-20
37,59,38,10,0,17,Sandy,Sugarcane,20-20
29,66,51,16,0,40,Clayey,Tobacco,DAP
29,52,38,13,0,37,Loamy,Barley,DAP
32,58,40,22,0,20,Loamy,Millets,28-28
34,60,48,24,0,22,Sandy,Millets,28-28
25,55,31,25,0,21,Sandy,Pulses,28-28
33,60,41,6,8,31,Black,Cotton,14-35-14
29,57,59,10,20,17,Red,Paddy,10-26-26
31,56,43,40,0,0,Loamy,Pulses,Urea
29,57,44,37,1,0,Black,Cotton,Urea
27,65,40,21,0,25,Clayey,Maize,28-28
27,58,48,40,0,0,Clayey,Wheat,Urea
30,56,33,23,2,20,Clayey,Paddy,28-28
33,56,66,37,1,0,Red,Maize,Urea
28,56,32,11,0,10,Clayey,Cotton,20-20
30,52,34,11,0,5,Red,Pulses,20-20
23,60,46,11,0,38,Black,Cotton,DAP
32,70,39,38,0,0,Clayey,Millets,Urea
26,56,41,13,0,44,Black,Cotton,DAP
30,64,37,8,1,12,Sandy,Cotton,20-20
32,53,42,16,1,38,Red,Sugarcane,DAP
38,66,54,11,0,32,Sandy,Wheat,DAP
33,58,30,9,0,12,Red,Cotton,20-20
30,65,43,21,2,22,Loamy,Tobacco,28-28
27,59,44,21,1,25,Red,Pulses,28-28
30,52,38,13,15,14,Red,Barley,17-17-17
32,65,58,7,10,27,Sandy,Pulses,14-35-14
35,67,42,25,0,20,Sandy,Millets,28-28
28,54,65,12,10,12,Black,Sugarcane,17-17-17
28,67,47,13,0,37,Red,Wheat,DAP
29,62,43,6,18,18,Red,Paddy,10-26-26
34,55,33,16,20,19,Clayey,Pulses,10-26-26
28,60,46,43,1,0,Black,Wheat,Urea
29,61,53,8,18,18,Red,Pulses,10-26-26
27,56,52,39,0,1,Red,Millets,Urea
34,53,41,22,0,23,Sandy,Wheat,28-28
30,65,32,22,0,16,Red,Pulses,28-28
33,68,49,15,1,38,Loamy,Cotton,DAP
38,70,37,13,0,37,Loamy,Barley,DAP
32,52,60,36,0,0,Loamy,Paddy,Urea
34,58,33,7,10,30,Sandy,Oil seeds,14-35-14
33,57,45,39,0,1,Black,Wheat,Urea
27,63,47,0,17,23,Clayey,Pulses,10-26-26
32,52,50,7,10,31,Black,Paddy,14-35-14
32,63,33,23,2,26,Clayey,Millets,28-28
30,55,33,6,9,27,Clayey,Paddy,14-35-14
35,63,50,14,0,37,Red,Barley,DAP
32,51,52,10,0,11,Sandy,Pulses,20-20
26,71,62,7,9,31,Clayey,Oil seeds,14-35-14
29,65,51,9,0,10,Clayey,Pulses,20-20
30,69,35,39,0,0,Black,Paddy,Urea
27,64,62,11,0,10,Sandy,Millets,20-20
30,54,36,22,2,27,Red,Cotton,28-28
31,62,39,9,14,13,Loamy,Sugarcane,17-17-17
36,58,67,9,0,9,Loamy,Oil seeds,20-20
27,57,39,13,12,13,Loamy,Ground Nuts,17-17-17
29,66,54,14,1,36,Black,Ground Nuts,DAP
30,63,36,8,17,20,Sandy,Tobacco,10-26-26
32,59,19,10,7,28,Black,Wheat,14-35-14
20,60,38,6,19,18,Red,Barley,10-26-26
30,79,45,37,0,1,Red,Ground Nuts,Urea
33,60,40,22,0,22,Red,Tobacco,28-28
33,58,28,6,19,21,Red,Pulses,10-26-26
28,55,27,42,0,0,Loamy,Millets,Urea
28,70,42,35,0,0,Clayey,Sugarcane,Urea
30,61,39,9,1,15,Sandy,Sugarcane,20-20
32,76,43,7,9,24,Clayey,Pulses,14-35-14
30,55,42,14,1,12,Black,Paddy,20-20
30,51,46,23,1,24,Black,Ground Nuts,28-28
28,47,36,22,1,21,Sandy,Tobacco,28-28
27,45,42,13,0,12,Loamy,Oil seeds,20-20
36,64,35,3,16,21,Clayey,Tobacco,10-26-26
25,53,48,40,1,4,Clayey,Tobacco,Urea
35,53,51,8,9,31,Loamy,Paddy,14-35-14
35,64,9,15,14,16,Sandy,Ground Nuts,17-17-17
33,56,28,14,16,12,Black,Ground Nuts,17-17-17
32,56,39,10,14,12,Loamy,Sugarcane,17-17-17
28,55,25,9,19,21,Clayey,Wheat,10-26-26
28,62,56,38,0,2,Sandy,Maize,Urea
31,58,30,0,18,20,Clayey,Pulses,10-26-26
33,64,44,8,9,29,Red,Barley,14-35-14
30,58,42,10,15,12,Red,Ground Nuts,17-17-17
30,56,38,6,19,18,Clayey,Pulses,10-26-26
31,60,34,8,9,30,Black,Wheat,14-35-14
27,50,45,14,0,14,Clayey,Millets,20-20
29,69,44,14,13,12,Black,Ground Nuts,17-17-17
30,56,46,13,19,20,Red,Pulses,10-26-26
31,53,36,14,1,36,Loamy,Cotton,DAP
29,65,55,36,1,1,Clayey,Ground Nuts,Urea
30,59,52,10,19,13,Sandy,Tobacco,10-26-26
36,58,45,24,0,19,Red,Tobacco,28-28
32,71,37,7,18,17,Clayey,Barley,10-26-26
31,52,51,23,0,20,Black,Tobacco,28-28
33,56,23,13,1,39,Loamy,Sugarcane,DAP
34,61,35,6,8,28,Loamy,Oil seeds,14-35-14
27,55,43,37,0,0,Clayey,Millets,Urea
30,50,29,16,0,39,Red,Wheat,DAP
28,59,35,24,0,24,Sandy,Barley,28-28
19,60,42,21,0,22,Red,Barley,28-28
23,60,46,15,11,10,Sandy,Sugarcane,17-17-17
24,51,43,14,0,12,Loamy,Wheat,20-20
31,65,31,8,8,31,Loamy,Sugarcane,14-35-14
28,55,56,11,0,11,Loamy,Pulses,20-20
31,50,46,40,1,1,Clayey,Paddy,Urea
23,55,44,11,13,14,Sandy,Sugarcane,17-17-17
30,63,49,14,0,40,Sandy,Sugarcane,DAP
24,60,37,14,13,14,Loamy,Barley,17-17-17
35,66,31,15,1,39,Loamy,Sugarcane,DAP
22,55,22,11,0,9,Black,Oil seeds,20-20
27,55,41,25,0,19,Red,Barley,28-28
31,56,41,23,0,24,Clayey,Ground Nuts,28-28
29,59,43,13,12,15,Sandy,Barley,17-17-17
28,66,77,7,9,28,Loamy,Pulses,14-35-14
